country,field,label,pillar,required_for_ranking,value,provider_id,source_url,source_title,source_date,reference_period,source_scope,proxy_status,notes
Argentina,administrative_investment_friction_raw,Administrative and investment friction,creative,yes,2.98,derived,https://api.worldbank.org/v2/country/ARG/indicator/RQ.EST?format=json&mrv=10,World Bank WGI: Regulatory Quality (inverted as friction proxy),2024-12-31,2024 annual,national,approved_proxy,
Argentina,civic_freedom_raw,Civic freedom and dignity (HRMI + Freedom House + V-Dem composite),community,yes,70,derived,https://rightstracker.org/,Civic Freedom Composite: 0.4 × HRMI Empowerment + 0.3 × Freedom House FIW + 0.3 × V-Dem Liberal Democracy Index (×100). Argentina composite = 70,2024-12-31,2024 annual,national,approved_proxy,
Argentina,cultural_public_life_raw,"Cultural, historic, and public-life vitality",community,yes,161.92,national_statistical_office,https://api.worldbank.org/v2/country/ARG/indicator/ST.INT.ARVL?format=json&mrv=10,World Bank WDI: International tourism arrivals per 1 000 population,2024-12-31,2024 annual,national,approved_proxy,
Argentina,digital_infrastructure_raw,Digital infrastructure,viability,yes,25.36,derived,https://api.worldbank.org/v2/country/ARG/indicator/IT.NET.BBND.P2?format=json&mrv=10,World Bank WDI: Fixed broadband subscriptions (per 100 people),2024-12-31,2024 annual,national,approved_proxy,
Argentina,entrepreneurial_dynamism_raw,Entrepreneurial dynamism,creative,yes,0.2,derived,https://api.worldbank.org/v2/country/ARG/indicator/IC.BUS.NDNS.ZS?format=json&mrv=10,"World Bank WDI: New business density (new registrations per 1,000 people ages 15-64)",2024-12-31,2024 annual,national,approved_proxy,
Argentina,gdp_growth,GDP growth,creative,yes,-1.3429,world_bank,https://api.worldbank.org/v2/country/ARG/indicator/NY.GDP.MKTP.KD.ZG?format=json&mrv=30,World Bank WDI: GDP growth (annual %),2024-12-31,as_of 2024-12-31,international,direct,auto_seed=world_bank_wdi; indicator=NY.GDP.MKTP.KD.ZG; observation_year=2024; dataset_lastupdated=2026-02-24; stale=no
Argentina,gdp_growth_context,Economic growth momentum,pressure,no,-1.34,derived,https://api.worldbank.org/v2/country/ARG/indicator/NY.GDP.MKTP.KD.ZG?format=json&mrv=30,World Bank WDI: GDP growth (annual %),2024-12-31,2024 annual,national,approved_proxy,
Argentina,gdp_per_capita_ppp,GDP per capita (PPP),creative,yes,30431.19,world_bank,https://api.worldbank.org/v2/country/ARG/indicator/NY.GDP.PCAP.PP.CD?format=json&mrv=30,"World Bank WDI: GDP per capita, PPP (current international $)",2024-12-31,as_of 2024-12-31,international,direct,auto_seed=world_bank_wdi; indicator=NY.GDP.PCAP.PP.CD; observation_year=2024; dataset_lastupdated=2026-02-24; stale=no
Argentina,gini_coefficient,Gini coefficient,capability,yes,42.4,world_bank,https://api.worldbank.org/v2/country/ARG/indicator/SI.POV.GINI?format=json&mrv=30,World Bank WDI: Gini index,2024-12-31,as_of 2024-12-31,international,direct,auto_seed=world_bank_wdi; indicator=SI.POV.GINI; observation_year=2024; dataset_lastupdated=2026-02-24; stale=no
Argentina,hanke_misery_raw,Macroeconomic stress (Hanke Misery Index),pressure,yes,88.35,derived,https://fortune.com/2026/04/16/hanke-annual-misery-index-2025-venezuela-taiwan-rankings/,Hanke Annual Misery Index 2025 (published): Argentina score 88.35,2025-12-31,2024 annual,national,approved_proxy,
Argentina,hospitality_belonging_raw,Hospitality and belonging,community,yes,50.06,derived,https://api.worldbank.org/v2/country/ARG/indicator/SM.POP.NETM?format=json&mrv=10,World Bank WDI: Net migration (proxy for hospitality/belonging — positive = welcoming),2024-12-31,2024 annual,national,approved_proxy,
Argentina,household_debt_proxy,Household debt proxy,pressure,yes,13.0788,world_bank,https://api.worldbank.org/v2/country/ARG/indicator/FD.AST.PRVT.GD.ZS?format=json&mrv=30,World Bank WDI: Domestic credit to private sector by banks (% of GDP) used as interim leverage proxy,2024-12-31,as_of 2024-12-31,international,approved_proxy,auto_seed=world_bank_wdi; proxy=broad_private_credit_not_household_only; indicator=FD.AST.PRVT.GD.ZS; observation_year=2024; dataset_lastupdated=2026-02-24; stale=no
Argentina,personal_safety_raw,Personal safety,viability,yes,4.49,derived,https://api.worldbank.org/v2/country/ARG/indicator/VC.IHR.PSRC.P5?format=json&mrv=10,"UNODC via World Bank WDI: Intentional homicides (per 100,000 people)",2024-12-31,2024 annual,national,approved_proxy,
Argentina,ppp_private_consumption,PPP private consumption factor,pressure,yes,42.98624,world_bank,https://api.worldbank.org/v2/country/ARG/indicator/PA.NUS.PRVT.PP?format=json&mrv=30,"World Bank WDI: PPP conversion factor, private consumption (LCU per international $)",2021-12-31,as_of 2021-12-31,international,direct,auto_seed=world_bank_wdi; indicator=PA.NUS.PRVT.PP; observation_year=2021; dataset_lastupdated=2026-02-24; stale=yes
Argentina,tax_rate_assumption,Tax rate assumption,pressure,yes,0.099289,world_bank,https://api.worldbank.org/v2/country/ARG/indicator/GC.TAX.TOTL.GD.ZS?format=json&mrv=30,World Bank WDI: Tax revenue (% of GDP) used as interim country average tax-take proxy,2023-12-31,as_of 2023-12-31,international,approved_proxy,auto_seed=world_bank_wdi; proxy=country_average_tax_take_from_tax_revenue_share; indicator=GC.TAX.TOTL.GD.ZS; observation_year=2023; dataset_lastupdated=2026-02-24; stale=no
Australia,administrative_investment_friction_raw,Administrative and investment friction,creative,yes,0.56,derived,https://api.worldbank.org/v2/country/AUS/indicator/RQ.EST?format=json&mrv=10,World Bank WGI: Regulatory Quality (inverted as friction proxy),2024-12-31,2024 annual,national,approved_proxy,
Australia,civic_freedom_raw,Civic freedom and dignity (HRMI + Freedom House + V-Dem composite),community,yes,85,derived,https://rightstracker.org/,Civic Freedom Composite: 0.4 × HRMI Empowerment + 0.3 × Freedom House FIW + 0.3 × V-Dem Liberal Democracy Index (×100). Australia composite = 85,2024-12-31,2024 annual,national,approved_proxy,
Australia,cultural_public_life_raw,"Cultural, historic, and public-life vitality",community,yes,67.21,national_statistical_office,https://api.worldbank.org/v2/country/AUS/indicator/ST.INT.ARVL?format=json&mrv=10,World Bank WDI: International tourism arrivals per 1 000 population,2024-12-31,2024 annual,national,approved_proxy,
Australia,digital_infrastructure_raw,Digital infrastructure,viability,yes,36.6,derived,https://api.worldbank.org/v2/country/AUS/indicator/IT.NET.BBND.P2?format=json&mrv=10,World Bank WDI: Fixed broadband subscriptions (per 100 people),2024-12-31,2024 annual,national,approved_proxy,
Australia,gdp_growth,GDP growth,creative,yes,1.3734,world_bank,https://api.worldbank.org/v2/country/AUS/indicator/NY.GDP.MKTP.KD.ZG?format=json&mrv=30,World Bank WDI: GDP growth (annual %),2024-12-31,as_of 2024-12-31,international,direct,auto_seed=world_bank_wdi; indicator=NY.GDP.MKTP.KD.ZG; observation_year=2024; dataset_lastupdated=2026-02-24; stale=no
Australia,gdp_growth_context,Economic growth momentum,pressure,no,1.37,derived,https://api.worldbank.org/v2/country/AUS/indicator/NY.GDP.MKTP.KD.ZG?format=json&mrv=30,World Bank WDI: GDP growth (annual %),2024-12-31,2024 annual,national,approved_proxy,
Australia,gdp_per_capita_ppp,GDP per capita (PPP),creative,yes,72111.18,world_bank,https://api.worldbank.org/v2/country/AUS/indicator/NY.GDP.PCAP.PP.CD?format=json&mrv=30,"World Bank WDI: GDP per capita, PPP (current international $)",2024-12-31,as_of 2024-12-31,international,direct,auto_seed=world_bank_wdi; indicator=NY.GDP.PCAP.PP.CD; observation_year=2024; dataset_lastupdated=2026-02-24; stale=no
Australia,gini_coefficient,Gini coefficient,capability,yes,33.8,world_bank,https://api.worldbank.org/v2/country/AUS/indicator/SI.POV.GINI?format=json&mrv=30,World Bank WDI: Gini index,2020-12-31,as_of 2020-12-31,international,direct,auto_seed=world_bank_wdi; indicator=SI.POV.GINI; observation_year=2020; dataset_lastupdated=2026-02-24; stale=no
Australia,hanke_misery_raw,Macroeconomic stress (Hanke Misery Index),pressure,yes,19.31,derived,https://fortune.com/2026/04/16/hanke-annual-misery-index-2025-venezuela-taiwan-rankings/,Hanke Annual Misery Index 2025 (published): Australia score 19.31,2025-12-31,2024 annual,national,approved_proxy,
Australia,hospitality_belonging_raw,Hospitality and belonging,community,yes,55.04,derived,https://api.worldbank.org/v2/country/AUS/indicator/SM.POP.NETM?format=json&mrv=10,World Bank WDI: Net migration (proxy for hospitality/belonging — positive = welcoming),2024-12-31,2024 annual,national,approved_proxy,
Australia,household_debt_effective_raw,Household debt burden,pressure,yes,175,derived,https://www.rba.gov.au/statistics/tables/,RBA / OECD: Australian household debt-to-disposable-income ratio,2024-12-31,2024 annual,national,approved_proxy,
Australia,household_debt_proxy,Household debt proxy,pressure,yes,129.3173,world_bank,https://api.worldbank.org/v2/country/AUS/indicator/FD.AST.PRVT.GD.ZS?format=json&mrv=30,World Bank WDI: Domestic credit to private sector by banks (% of GDP) used as interim leverage proxy,2024-12-31,as_of 2024-12-31,international,approved_proxy,auto_seed=world_bank_wdi; proxy=broad_private_credit_not_household_only; indicator=FD.AST.PRVT.GD.ZS; observation_year=2024; dataset_lastupdated=2026-02-24; stale=no
Australia,personal_safety_raw,Personal safety,viability,yes,0.85,derived,https://api.worldbank.org/v2/country/AUS/indicator/VC.IHR.PSRC.P5?format=json&mrv=10,"UNODC via World Bank WDI: Intentional homicides (per 100,000 people)",2024-12-31,2024 annual,national,approved_proxy,
Australia,ppp_private_consumption,PPP private consumption factor,pressure,yes,1.427398,world_bank,https://api.worldbank.org/v2/country/AUS/indicator/PA.NUS.PRVT.PP?format=json&mrv=30,"World Bank WDI: PPP conversion factor, private consumption (LCU per international $)",2024-12-31,as_of 2024-12-31,international,direct,auto_seed=world_bank_wdi; indicator=PA.NUS.PRVT.PP; observation_year=2024; dataset_lastupdated=2026-02-24; stale=no
Australia,suicide_mental_strain_raw,Suicide and severe mental strain,pressure,yes,11.9,derived,https://www.who.int/data/gho/data/indicators/indicator-details/GHO/SDGSUICIDE,"WHO GHO: Australia age-standardized suicide rate per 100,000",2024-12-31,2024 annual,national,approved_proxy,
Australia,tax_rate_assumption,Tax rate assumption,pressure,yes,0.235615,world_bank,https://api.worldbank.org/v2/country/AUS/indicator/GC.TAX.TOTL.GD.ZS?format=json&mrv=30,World Bank WDI: Tax revenue (% of GDP) used as interim country average tax-take proxy,2022-12-31,as_of 2022-12-31,international,approved_proxy,auto_seed=world_bank_wdi; proxy=country_average_tax_take_from_tax_revenue_share; indicator=GC.TAX.TOTL.GD.ZS; observation_year=2022; dataset_lastupdated=2026-02-24; stale=no
Australia,working_time_pressure_raw,Working time pressure,pressure,yes,37.3,derived,https://www.abs.gov.au/statistics/labour/employment-and-unemployment/labour-force-australia,ABS Labour Force Australia: average weekly hours,2024-12-31,2024 annual,national,approved_proxy,
Austria,administrative_investment_friction_raw,Administrative and investment friction,creative,yes,1.14,derived,https://api.worldbank.org/v2/country/AUT/indicator/RQ.EST?format=json&mrv=10,World Bank WGI: Regulatory Quality (inverted as friction proxy),2024-12-31,2024 annual,national,approved_proxy,
Austria,civic_freedom_raw,Civic freedom and dignity (HRMI + Freedom House + V-Dem composite),community,yes,83,derived,https://rightstracker.org/,Civic Freedom Composite: 0.4 × HRMI Empowerment + 0.3 × Freedom House FIW + 0.3 × V-Dem Liberal Democracy Index (×100). Austria composite = 83,2024-12-31,2024 annual,national,approved_proxy,
Austria,cultural_public_life_raw,"Cultural, historic, and public-life vitality",community,yes,1644.26,national_statistical_office,https://api.worldbank.org/v2/country/AUT/indicator/ST.INT.ARVL?format=json&mrv=10,World Bank WDI: International tourism arrivals per 1 000 population,2024-12-31,2024 annual,national,approved_proxy,
Austria,digital_infrastructure_raw,Digital infrastructure,viability,yes,29.37,derived,https://api.worldbank.org/v2/country/AUT/indicator/IT.NET.BBND.P2?format=json&mrv=10,World Bank WDI: Fixed broadband subscriptions (per 100 people),2024-12-31,2024 annual,national,approved_proxy,
Austria,entrepreneurial_dynamism_raw,Entrepreneurial dynamism,creative,yes,0.95,derived,https://api.worldbank.org/v2/country/AUT/indicator/IC.BUS.NDNS.ZS?format=json&mrv=10,"World Bank WDI: New business density (new registrations per 1,000 people ages 15-64)",2024-12-31,2024 annual,national,approved_proxy,
Austria,gdp_growth,GDP growth,creative,yes,-0.6591,world_bank,https://api.worldbank.org/v2/country/AUT/indicator/NY.GDP.MKTP.KD.ZG?format=json&mrv=30,World Bank WDI: GDP growth (annual %),2024-12-31,as_of 2024-12-31,international,direct,auto_seed=world_bank_wdi; indicator=NY.GDP.MKTP.KD.ZG; observation_year=2024; dataset_lastupdated=2026-02-24; stale=no
Austria,gdp_growth_context,Economic growth momentum,pressure,no,-0.66,derived,https://api.worldbank.org/v2/country/AUT/indicator/NY.GDP.MKTP.KD.ZG?format=json&mrv=30,World Bank WDI: GDP growth (annual %),2024-12-31,2024 annual,national,approved_proxy,
Austria,gdp_per_capita_ppp,GDP per capita (PPP),creative,yes,73911.44,world_bank,https://api.worldbank.org/v2/country/AUT/indicator/NY.GDP.PCAP.PP.CD?format=json&mrv=30,"World Bank WDI: GDP per capita, PPP (current international $)",2024-12-31,as_of 2024-12-31,international,direct,auto_seed=world_bank_wdi; indicator=NY.GDP.PCAP.PP.CD; observation_year=2024; dataset_lastupdated=2026-02-24; stale=no
Austria,gini_coefficient,Gini coefficient,capability,yes,31.2,world_bank,https://api.worldbank.org/v2/country/AUT/indicator/SI.POV.GINI?format=json&mrv=30,World Bank WDI: Gini index,2023-12-31,as_of 2023-12-31,international,direct,auto_seed=world_bank_wdi; indicator=SI.POV.GINI; observation_year=2023; dataset_lastupdated=2026-02-24; stale=no
Austria,hanke_misery_raw,Macroeconomic stress (Hanke Misery Index),pressure,yes,16,national_statistical_office,https://fortune.com/2026/04/16/hanke-annual-misery-index-2025-venezuela-taiwan-rankings/,Hanke Annual Misery Index 2025 (estimated from IMF/WB/national-bank macroeconomic profile): Austria ≈ 16,2025-12-31,2024 annual,national,approved_proxy,
Austria,hospitality_belonging_raw,Hospitality and belonging,community,yes,51.23,derived,https://api.worldbank.org/v2/country/AUT/indicator/SM.POP.NETM?format=json&mrv=10,World Bank WDI: Net migration (proxy for hospitality/belonging — positive = welcoming),2024-12-31,2024 annual,national,approved_proxy,
Austria,household_debt_proxy,Household debt proxy,pressure,yes,81.4953,world_bank,https://api.worldbank.org/v2/country/AUT/indicator/FD.AST.PRVT.GD.ZS?format=json&mrv=30,World Bank WDI: Domestic credit to private sector by banks (% of GDP) used as interim leverage proxy,2024-12-31,as_of 2024-12-31,international,approved_proxy,auto_seed=world_bank_wdi; proxy=broad_private_credit_not_household_only; indicator=FD.AST.PRVT.GD.ZS; observation_year=2024; dataset_lastupdated=2026-02-24; stale=no
Austria,personal_safety_raw,Personal safety,viability,yes,0.88,derived,https://api.worldbank.org/v2/country/AUT/indicator/VC.IHR.PSRC.P5?format=json&mrv=10,"UNODC via World Bank WDI: Intentional homicides (per 100,000 people)",2024-12-31,2024 annual,national,approved_proxy,
Austria,ppp_private_consumption,PPP private consumption factor,pressure,yes,0.720487,world_bank,https://api.worldbank.org/v2/country/AUT/indicator/PA.NUS.PRVT.PP?format=json&mrv=30,"World Bank WDI: PPP conversion factor, private consumption (LCU per international $)",2024-12-31,as_of 2024-12-31,international,direct,auto_seed=world_bank_wdi; indicator=PA.NUS.PRVT.PP; observation_year=2024; dataset_lastupdated=2026-02-24; stale=no
Austria,tax_rate_assumption,Tax rate assumption,pressure,yes,0.256407,world_bank,https://api.worldbank.org/v2/country/AUT/indicator/GC.TAX.TOTL.GD.ZS?format=json&mrv=30,World Bank WDI: Tax revenue (% of GDP) used as interim country average tax-take proxy,2023-12-31,as_of 2023-12-31,international,approved_proxy,auto_seed=world_bank_wdi; proxy=country_average_tax_take_from_tax_revenue_share; indicator=GC.TAX.TOTL.GD.ZS; observation_year=2023; dataset_lastupdated=2026-02-24; stale=no
Bahrain,civic_freedom_raw,Civic freedom and dignity (HRMI + Freedom House + V-Dem composite),community,yes,20,derived,https://rightstracker.org/,Civic Freedom Composite: 0.4 × HRMI Empowerment + 0.3 × Freedom House FIW + 0.3 × V-Dem Liberal Democracy Index (×100). Bahrain composite = 20,2024-12-31,2024 annual,national,approved_proxy,
Bahrain,gdp_growth,GDP growth,creative,yes,2.6038,world_bank,https://api.worldbank.org/v2/country/BHR/indicator/NY.GDP.MKTP.KD.ZG?format=json&mrv=30,World Bank WDI: GDP growth (annual %),2024-12-31,as_of 2024-12-31,international,direct,auto_seed=world_bank_wdi; indicator=NY.GDP.MKTP.KD.ZG; observation_year=2024; dataset_lastupdated=2026-02-24; stale=no
Bahrain,gdp_growth_context,Economic growth momentum,pressure,no,2.6,derived,https://api.worldbank.org/v2/country/BHR/indicator/NY.GDP.MKTP.KD.ZG?format=json&mrv=30,World Bank WDI: GDP growth (annual %),2024-12-31,2024 annual,national,approved_proxy,
Bahrain,gdp_per_capita_ppp,GDP per capita (PPP),creative,yes,66941.24,world_bank,https://api.worldbank.org/v2/country/BHR/indicator/NY.GDP.PCAP.PP.CD?format=json&mrv=30,"World Bank WDI: GDP per capita, PPP (current international $)",2024-12-31,as_of 2024-12-31,international,direct,auto_seed=world_bank_wdi; indicator=NY.GDP.PCAP.PP.CD; observation_year=2024; dataset_lastupdated=2026-02-24; stale=no
Bahrain,gini_coefficient,Gini coefficient,capability,yes,,,,,,,,,
Bahrain,hanke_misery_raw,Macroeconomic stress (Hanke Misery Index),pressure,yes,11.5,national_statistical_office,https://fortune.com/2026/04/16/hanke-annual-misery-index-2025-venezuela-taiwan-rankings/,Hanke Annual Misery Index 2025 (estimated from IMF/WB/national-bank macroeconomic profile): Bahrain ≈ 11.5,2025-12-31,2024 annual,national,approved_proxy,
Bahrain,hospitality_belonging_raw,Hospitality and belonging,community,yes,50,derived,https://news.gallup.com/poll/,Gallup: Bahrain positive-experience index,2024-12-31,2024 annual,national,approved_proxy,
Bahrain,household_debt_proxy,Household debt proxy,pressure,yes,70.5501,world_bank,https://api.worldbank.org/v2/country/BHR/indicator/FD.AST.PRVT.GD.ZS?format=json&mrv=30,World Bank WDI: Domestic credit to private sector by banks (% of GDP) used as interim leverage proxy,2015-12-31,as_of 2015-12-31,international,approved_proxy,auto_seed=world_bank_wdi; proxy=broad_private_credit_not_household_only; indicator=FD.AST.PRVT.GD.ZS; observation_year=2015; dataset_lastupdated=2026-02-24; stale=yes
Bahrain,innovation_research_intensity_raw,Innovation and research intensity,creative,yes,0.1,derived,https://data.uis.unesco.org/,UNESCO UIS: Bahrain R&D expenditure ~0.1% of GDP (prior 207 was unit mismatch),2024-12-31,2024 annual,national,approved_proxy,
Bahrain,ppp_private_consumption,PPP private consumption factor,pressure,yes,0.188671,world_bank,https://api.worldbank.org/v2/country/BHR/indicator/PA.NUS.PRVT.PP?format=json&mrv=30,"World Bank WDI: PPP conversion factor, private consumption (LCU per international $)",2024-12-31,as_of 2024-12-31,international,direct,auto_seed=world_bank_wdi; indicator=PA.NUS.PRVT.PP; observation_year=2024; dataset_lastupdated=2026-02-24; stale=no
Bahrain,tax_rate_assumption,Tax rate assumption,pressure,yes,0.028232,world_bank,https://api.worldbank.org/v2/country/BHR/indicator/GC.TAX.TOTL.GD.ZS?format=json&mrv=30,World Bank WDI: Tax revenue (% of GDP) used as interim country average tax-take proxy,2020-12-31,as_of 2020-12-31,international,approved_proxy,auto_seed=world_bank_wdi; proxy=country_average_tax_take_from_tax_revenue_share; indicator=GC.TAX.TOTL.GD.ZS; observation_year=2020; dataset_lastupdated=2026-02-24; stale=no
Bangladesh,administrative_investment_friction_raw,Administrative and investment friction,creative,yes,3.41,derived,https://api.worldbank.org/v2/country/BGD/indicator/RQ.EST?format=json&mrv=10,World Bank WGI: Regulatory Quality (inverted as friction proxy),2024-12-31,2024 annual,national,approved_proxy,
Bangladesh,civic_freedom_raw,Civic freedom and dignity (HRMI + Freedom House + V-Dem composite),community,yes,38,derived,https://rightstracker.org/,Civic Freedom Composite: 0.4 × HRMI Empowerment + 0.3 × Freedom House FIW + 0.3 × V-Dem Liberal Democracy Index (×100). Bangladesh composite = 38,2024-12-31,2024 annual,national,approved_proxy,
Bangladesh,cultural_public_life_raw,"Cultural, historic, and public-life vitality",community,yes,1.86,national_statistical_office,https://api.worldbank.org/v2/country/BGD/indicator/ST.INT.ARVL?format=json&mrv=10,World Bank WDI: International tourism arrivals per 1 000 population,2024-12-31,2024 annual,national,approved_proxy,
Bangladesh,digital_infrastructure_raw,Digital infrastructure,viability,yes,7.89,derived,https://api.worldbank.org/v2/country/BGD/indicator/IT.NET.BBND.P2?format=json&mrv=10,World Bank WDI: Fixed broadband subscriptions (per 100 people),2024-12-31,2024 annual,national,approved_proxy,
Bangladesh,entrepreneurial_dynamism_raw,Entrepreneurial dynamism,creative,yes,0.04,derived,https://api.worldbank.org/v2/country/BGD/indicator/IC.BUS.NDNS.ZS?format=json&mrv=10,"World Bank WDI: New business density (new registrations per 1,000 people ages 15-64)",2024-12-31,2024 annual,national,approved_proxy,
Bangladesh,gdp_growth,GDP growth,creative,yes,4.2233,world_bank,https://api.worldbank.org/v2/country/BGD/indicator/NY.GDP.MKTP.KD.ZG?format=json&mrv=30,World Bank WDI: GDP growth (annual %),2024-12-31,as_of 2024-12-31,international,direct,auto_seed=world_bank_wdi; indicator=NY.GDP.MKTP.KD.ZG; observation_year=2024; dataset_lastupdated=2026-02-24; stale=no
Bangladesh,gdp_growth_context,Economic growth momentum,pressure,no,4.22,derived,https://api.worldbank.org/v2/country/BGD/indicator/NY.GDP.MKTP.KD.ZG?format=json&mrv=30,World Bank WDI: GDP growth (annual %),2024-12-31,2024 annual,national,approved_proxy,
Bangladesh,gdp_per_capita_ppp,GDP per capita (PPP),creative,yes,9646.77,world_bank,https://api.worldbank.org/v2/country/BGD/indicator/NY.GDP.PCAP.PP.CD?format=json&mrv=30,"World Bank WDI: GDP per capita, PPP (current international $)",2024-12-31,as_of 2024-12-31,international,direct,auto_seed=world_bank_wdi; indicator=NY.GDP.PCAP.PP.CD; observation_year=2024; dataset_lastupdated=2026-02-24; stale=no
Bangladesh,gini_coefficient,Gini coefficient,capability,yes,30.9,world_bank,https://api.worldbank.org/v2/country/BGD/indicator/SI.POV.GINI?format=json&mrv=30,World Bank WDI: Gini index,2022-12-31,as_of 2022-12-31,international,direct,auto_seed=world_bank_wdi; indicator=SI.POV.GINI; observation_year=2022; dataset_lastupdated=2026-02-24; stale=no
Bangladesh,hanke_misery_raw,Macroeconomic stress (Hanke Misery Index),pressure,yes,32,national_statistical_office,https://fortune.com/2026/04/16/hanke-annual-misery-index-2025-venezuela-taiwan-rankings/,Hanke Annual Misery Index 2025 (estimated from IMF/WB/national-bank macroeconomic profile): Bangladesh ≈ 32,2025-12-31,2024 annual,national,approved_proxy,
Bangladesh,hospitality_belonging_raw,Hospitality and belonging,community,yes,47.68,derived,https://api.worldbank.org/v2/country/BGD/indicator/SM.POP.NETM?format=json&mrv=10,World Bank WDI: Net migration (proxy for hospitality/belonging — positive = welcoming),2024-12-31,2024 annual,national,approved_proxy,
Bangladesh,household_debt_proxy,Household debt proxy,pressure,yes,35.7061,world_bank,https://api.worldbank.org/v2/country/BGD/indicator/FD.AST.PRVT.GD.ZS?format=json&mrv=30,World Bank WDI: Domestic credit to private sector by banks (% of GDP) used as interim leverage proxy,2024-12-31,as_of 2024-12-31,international,approved_proxy,auto_seed=world_bank_wdi; proxy=broad_private_credit_not_household_only; indicator=FD.AST.PRVT.GD.ZS; observation_year=2024; dataset_lastupdated=2026-02-24; stale=no
Bangladesh,personal_safety_raw,Personal safety,viability,yes,2.34,derived,https://api.worldbank.org/v2/country/BGD/indicator/VC.IHR.PSRC.P5?format=json&mrv=10,"UNODC via World Bank WDI: Intentional homicides (per 100,000 people)",2024-12-31,2024 annual,national,approved_proxy,
Bangladesh,ppp_private_consumption,PPP private consumption factor,pressure,yes,32.990539,world_bank,https://api.worldbank.org/v2/country/BGD/indicator/PA.NUS.PRVT.PP?format=json&mrv=30,"World Bank WDI: PPP conversion factor, private consumption (LCU per international $)",2024-12-31,as_of 2024-12-31,international,direct,auto_seed=world_bank_wdi; indicator=PA.NUS.PRVT.PP; observation_year=2024; dataset_lastupdated=2026-02-24; stale=no
Bangladesh,tax_rate_assumption,Tax rate assumption,pressure,yes,0.076424,world_bank,https://api.worldbank.org/v2/country/BGD/indicator/GC.TAX.TOTL.GD.ZS?format=json&mrv=30,World Bank WDI: Tax revenue (% of GDP) used as interim country average tax-take proxy,2021-12-31,as_of 2021-12-31,international,approved_proxy,auto_seed=world_bank_wdi; proxy=country_average_tax_take_from_tax_revenue_share; indicator=GC.TAX.TOTL.GD.ZS; observation_year=2021; dataset_lastupdated=2026-02-24; stale=no
Belgium,civic_freedom_raw,Civic freedom and dignity (HRMI + Freedom House + V-Dem composite),community,yes,84,derived,https://rightstracker.org/,Civic Freedom Composite: 0.4 × HRMI Empowerment + 0.3 × Freedom House FIW + 0.3 × V-Dem Liberal Democracy Index (×100). Belgium composite = 84,2024-12-31,2024 annual,national,approved_proxy,
Belgium,gdp_growth,GDP growth,creative,yes,,,,,,,,,
Belgium,gdp_per_capita_ppp,GDP per capita (PPP),creative,yes,,,,,,,,,
Belgium,gini_coefficient,Gini coefficient,capability,yes,,,,,,,,,
Belgium,hanke_misery_raw,Macroeconomic stress (Hanke Misery Index),pressure,yes,16,national_statistical_office,https://fortune.com/2026/04/16/hanke-annual-misery-index-2025-venezuela-taiwan-rankings/,Hanke Annual Misery Index 2025 (estimated from IMF/WB/national-bank macroeconomic profile): Belgium ≈ 16,2025-12-31,2024 annual,national,approved_proxy,
Belgium,household_debt_proxy,Household debt proxy,pressure,yes,,,,,,,,,
Belgium,ppp_private_consumption,PPP private consumption factor,pressure,yes,,,,,,,,,
Belgium,tax_rate_assumption,Tax rate assumption,pressure,yes,,,,,,,,,
Bhutan,civic_freedom_raw,Civic freedom and dignity (HRMI + Freedom House + V-Dem composite),community,yes,58,derived,https://rightstracker.org/,Civic Freedom Composite: 0.4 × HRMI Empowerment + 0.3 × Freedom House FIW + 0.3 × V-Dem Liberal Democracy Index (×100). Bhutan composite = 58,2024-12-31,2024 annual,national,approved_proxy,
Bhutan,gdp_growth,GDP growth,creative,yes,4.6322,world_bank,https://api.worldbank.org/v2/country/BTN/indicator/NY.GDP.MKTP.KD.ZG?format=json&mrv=30,World Bank WDI: GDP growth (annual %),2023-12-31,as_of 2023-12-31,international,direct,auto_seed=world_bank_wdi; indicator=NY.GDP.MKTP.KD.ZG; observation_year=2023; dataset_lastupdated=2026-02-24; stale=no
Bhutan,gdp_growth_context,Economic growth momentum,pressure,no,4.63,derived,https://api.worldbank.org/v2/country/BTN/indicator/NY.GDP.MKTP.KD.ZG?format=json&mrv=30,World Bank WDI: GDP growth (annual %),2024-12-31,2024 annual,national,approved_proxy,
Bhutan,gdp_per_capita_ppp,GDP per capita (PPP),creative,yes,16215.15,world_bank,https://api.worldbank.org/v2/country/BTN/indicator/NY.GDP.PCAP.PP.CD?format=json&mrv=30,"World Bank WDI: GDP per capita, PPP (current international $)",2023-12-31,as_of 2023-12-31,international,direct,auto_seed=world_bank_wdi; indicator=NY.GDP.PCAP.PP.CD; observation_year=2023; dataset_lastupdated=2026-02-24; stale=no
Bhutan,gini_coefficient,Gini coefficient,capability,yes,28.5,world_bank,https://api.worldbank.org/v2/country/BTN/indicator/SI.POV.GINI?format=json&mrv=30,World Bank WDI: Gini index,2022-12-31,as_of 2022-12-31,international,direct,auto_seed=world_bank_wdi; indicator=SI.POV.GINI; observation_year=2022; dataset_lastupdated=2026-02-24; stale=no
Bhutan,hanke_misery_raw,Macroeconomic stress (Hanke Misery Index),pressure,yes,18,national_statistical_office,https://fortune.com/2026/04/16/hanke-annual-misery-index-2025-venezuela-taiwan-rankings/,Hanke Annual Misery Index 2025 (estimated from IMF/WB/national-bank macroeconomic profile): Bhutan ≈ 18,2025-12-31,2024 annual,national,approved_proxy,
Bhutan,household_debt_proxy,Household debt proxy,pressure,yes,51.8935,world_bank,https://api.worldbank.org/v2/country/BTN/indicator/FD.AST.PRVT.GD.ZS?format=json&mrv=30,World Bank WDI: Domestic credit to private sector by banks (% of GDP) used as interim leverage proxy,2024-12-31,as_of 2024-12-31,international,approved_proxy,auto_seed=world_bank_wdi; proxy=broad_private_credit_not_household_only; indicator=FD.AST.PRVT.GD.ZS; observation_year=2024; dataset_lastupdated=2026-02-24; stale=no
Bhutan,innovation_research_intensity_raw,Innovation and research intensity,creative,yes,0.27,derived,https://data.uis.unesco.org/,UNESCO UIS: Bhutan R&D expenditure ~0.27% of GDP (prior 10.11 was unit mismatch),2024-12-31,2024 annual,national,approved_proxy,
Bhutan,ppp_private_consumption,PPP private consumption factor,pressure,yes,20.878112,world_bank,https://api.worldbank.org/v2/country/BTN/indicator/PA.NUS.PRVT.PP?format=json&mrv=30,"World Bank WDI: PPP conversion factor, private consumption (LCU per international $)",2024-12-31,as_of 2024-12-31,international,direct,auto_seed=world_bank_wdi; indicator=PA.NUS.PRVT.PP; observation_year=2024; dataset_lastupdated=2026-02-24; stale=no
Bhutan,tax_rate_assumption,Tax rate assumption,pressure,yes,0.122846,world_bank,https://api.worldbank.org/v2/country/BTN/indicator/GC.TAX.TOTL.GD.ZS?format=json&mrv=30,World Bank WDI: Tax revenue (% of GDP) used as interim country average tax-take proxy,2020-12-31,as_of 2020-12-31,international,approved_proxy,auto_seed=world_bank_wdi; proxy=country_average_tax_take_from_tax_revenue_share; indicator=GC.TAX.TOTL.GD.ZS; observation_year=2020; dataset_lastupdated=2026-02-24; stale=no
Botswana,civic_freedom_raw,Civic freedom and dignity (HRMI + Freedom House + V-Dem composite),community,yes,68,derived,https://rightstracker.org/,Civic Freedom Composite: 0.4 × HRMI Empowerment + 0.3 × Freedom House FIW + 0.3 × V-Dem Liberal Democracy Index (×100). Botswana composite = 68,2024-12-31,2024 annual,national,approved_proxy,
Botswana,gdp_growth,GDP growth,creative,yes,-2.9899,world_bank,https://api.worldbank.org/v2/country/BWA/indicator/NY.GDP.MKTP.KD.ZG?format=json&mrv=30,World Bank WDI: GDP growth (annual %),2024-12-31,as_of 2024-12-31,international,direct,auto_seed=world_bank_wdi; indicator=NY.GDP.MKTP.KD.ZG; observation_year=2024; dataset_lastupdated=2026-02-24; stale=no
Botswana,gdp_growth_context,Economic growth momentum,pressure,no,-2.99,derived,https://api.worldbank.org/v2/country/BWA/indicator/NY.GDP.MKTP.KD.ZG?format=json&mrv=30,World Bank WDI: GDP growth (annual %),2024-12-31,2024 annual,national,approved_proxy,
Botswana,gdp_per_capita_ppp,GDP per capita (PPP),creative,yes,20538.13,world_bank,https://api.worldbank.org/v2/country/BWA/indicator/NY.GDP.PCAP.PP.CD?format=json&mrv=30,"World Bank WDI: GDP per capita, PPP (current international $)",2024-12-31,as_of 2024-12-31,international,direct,auto_seed=world_bank_wdi; indicator=NY.GDP.PCAP.PP.CD; observation_year=2024; dataset_lastupdated=2026-02-24; stale=no
Botswana,gini_coefficient,Gini coefficient,capability,yes,54.9,world_bank,https://api.worldbank.org/v2/country/BWA/indicator/SI.POV.GINI?format=json&mrv=30,World Bank WDI: Gini index,2015-12-31,as_of 2015-12-31,international,direct,auto_seed=world_bank_wdi; indicator=SI.POV.GINI; observation_year=2015; dataset_lastupdated=2026-02-24; stale=yes
Botswana,hanke_misery_raw,Macroeconomic stress (Hanke Misery Index),pressure,yes,38,national_statistical_office,https://fortune.com/2026/04/16/hanke-annual-misery-index-2025-venezuela-taiwan-rankings/,Hanke Annual Misery Index 2025 (estimated from IMF/WB/national-bank macroeconomic profile): Botswana ≈ 38,2025-12-31,2024 annual,national,approved_proxy,
Botswana,household_debt_proxy,Household debt proxy,pressure,yes,32.8462,world_bank,https://api.worldbank.org/v2/country/BWA/indicator/FD.AST.PRVT.GD.ZS?format=json&mrv=30,World Bank WDI: Domestic credit to private sector by banks (% of GDP) used as interim leverage proxy,2024-12-31,as_of 2024-12-31,international,approved_proxy,auto_seed=world_bank_wdi; proxy=broad_private_credit_not_household_only; indicator=FD.AST.PRVT.GD.ZS; observation_year=2024; dataset_lastupdated=2026-02-24; stale=no
Botswana,ppp_private_consumption,PPP private consumption factor,pressure,yes,5.312715,world_bank,https://api.worldbank.org/v2/country/BWA/indicator/PA.NUS.PRVT.PP?format=json&mrv=30,"World Bank WDI: PPP conversion factor, private consumption (LCU per international $)",2024-12-31,as_of 2024-12-31,international,direct,auto_seed=world_bank_wdi; indicator=PA.NUS.PRVT.PP; observation_year=2024; dataset_lastupdated=2026-02-24; stale=no
Botswana,tax_rate_assumption,Tax rate assumption,pressure,yes,0.224882,world_bank,https://api.worldbank.org/v2/country/BWA/indicator/GC.TAX.TOTL.GD.ZS?format=json&mrv=30,World Bank WDI: Tax revenue (% of GDP) used as interim country average tax-take proxy,2024-12-31,as_of 2024-12-31,international,approved_proxy,auto_seed=world_bank_wdi; proxy=country_average_tax_take_from_tax_revenue_share; indicator=GC.TAX.TOTL.GD.ZS; observation_year=2024; dataset_lastupdated=2026-02-24; stale=no
Brazil,administrative_investment_friction_raw,Administrative and investment friction,creative,yes,2.8,derived,https://api.worldbank.org/v2/country/BRA/indicator/RQ.EST?format=json&mrv=10,World Bank WGI: Regulatory Quality (inverted as friction proxy),2024-12-31,2024 annual,national,approved_proxy,
Brazil,civic_freedom_raw,Civic freedom and dignity (HRMI + Freedom House + V-Dem composite),community,yes,64,derived,https://rightstracker.org/,Civic Freedom Composite: 0.4 × HRMI Empowerment + 0.3 × Freedom House FIW + 0.3 × V-Dem Liberal Democracy Index (×100). Brazil composite = 64,2024-12-31,2024 annual,national,approved_proxy,
Brazil,cultural_public_life_raw,"Cultural, historic, and public-life vitality",community,yes,29.97,national_statistical_office,https://api.worldbank.org/v2/country/BRA/indicator/ST.INT.ARVL?format=json&mrv=10,World Bank WDI: International tourism arrivals per 1 000 population,2024-12-31,2024 annual,national,approved_proxy,
Brazil,digital_infrastructure_raw,Digital infrastructure,viability,yes,22.42,derived,https://api.worldbank.org/v2/country/BRA/indicator/IT.NET.BBND.P2?format=json&mrv=10,World Bank WDI: Fixed broadband subscriptions (per 100 people),2024-12-31,2024 annual,national,approved_proxy,
Brazil,entrepreneurial_dynamism_raw,Entrepreneurial dynamism,creative,yes,5.1,derived,https://api.worldbank.org/v2/country/BRA/indicator/IC.BUS.NDNS.ZS?format=json&mrv=10,"World Bank WDI: New business density (new registrations per 1,000 people ages 15-64)",2024-12-31,2024 annual,national,approved_proxy,
Brazil,gdp_growth,GDP growth,creative,yes,3.4193,world_bank,https://api.worldbank.org/v2/country/BRA/indicator/NY.GDP.MKTP.KD.ZG?format=json&mrv=30,World Bank WDI: GDP growth (annual %),2024-12-31,as_of 2024-12-31,international,direct,auto_seed=world_bank_wdi; indicator=NY.GDP.MKTP.KD.ZG; observation_year=2024; dataset_lastupdated=2026-02-24; stale=no
Brazil,gdp_growth_context,Economic growth momentum,pressure,no,3.42,derived,https://api.worldbank.org/v2/country/BRA/indicator/NY.GDP.MKTP.KD.ZG?format=json&mrv=30,World Bank WDI: GDP growth (annual %),2024-12-31,2024 annual,national,approved_proxy,
Brazil,gdp_per_capita_ppp,GDP per capita (PPP),creative,yes,22338.48,world_bank,https://api.worldbank.org/v2/country/BRA/indicator/NY.GDP.PCAP.PP.CD?format=json&mrv=30,"World Bank WDI: GDP per capita, PPP (current international $)",2024-12-31,as_of 2024-12-31,international,direct,auto_seed=world_bank_wdi; indicator=NY.GDP.PCAP.PP.CD; observation_year=2024; dataset_lastupdated=2026-02-24; stale=no
Brazil,gini_coefficient,Gini coefficient,capability,yes,51.6,world_bank,https://api.worldbank.org/v2/country/BRA/indicator/SI.POV.GINI?format=json&mrv=30,World Bank WDI: Gini index,2023-12-31,as_of 2023-12-31,international,direct,auto_seed=world_bank_wdi; indicator=SI.POV.GINI; observation_year=2023; dataset_lastupdated=2026-02-24; stale=no
Brazil,hanke_misery_raw,Macroeconomic stress (Hanke Misery Index),pressure,yes,30,national_statistical_office,https://fortune.com/2026/04/16/hanke-annual-misery-index-2025-venezuela-taiwan-rankings/,Hanke Annual Misery Index 2025 (estimated from IMF/WB/national-bank macroeconomic profile): Brazil ≈ 30,2025-12-31,2024 annual,national,approved_proxy,
Brazil,hospitality_belonging_raw,Hospitality and belonging,community,yes,48.98,derived,https://api.worldbank.org/v2/country/BRA/indicator/SM.POP.NETM?format=json&mrv=10,World Bank WDI: Net migration (proxy for hospitality/belonging — positive = welcoming),2024-12-31,2024 annual,national,approved_proxy,
Brazil,household_debt_proxy,Household debt proxy,pressure,yes,75.6164,world_bank,https://api.worldbank.org/v2/country/BRA/indicator/FD.AST.PRVT.GD.ZS?format=json&mrv=30,World Bank WDI: Domestic credit to private sector by banks (% of GDP) used as interim leverage proxy,2024-12-31,as_of 2024-12-31,international,approved_proxy,auto_seed=world_bank_wdi; proxy=broad_private_credit_not_household_only; indicator=FD.AST.PRVT.GD.ZS; observation_year=2024; dataset_lastupdated=2026-02-24; stale=no
Brazil,personal_safety_raw,Personal safety,viability,yes,19.28,derived,https://api.worldbank.org/v2/country/BRA/indicator/VC.IHR.PSRC.P5?format=json&mrv=10,"UNODC via World Bank WDI: Intentional homicides (per 100,000 people)",2024-12-31,2024 annual,national,approved_proxy,
Brazil,ppp_private_consumption,PPP private consumption factor,pressure,yes,2.524497,world_bank,https://api.worldbank.org/v2/country/BRA/indicator/PA.NUS.PRVT.PP?format=json&mrv=30,"World Bank WDI: PPP conversion factor, private consumption (LCU per international $)",2024-12-31,as_of 2024-12-31,international,direct,auto_seed=world_bank_wdi; indicator=PA.NUS.PRVT.PP; observation_year=2024; dataset_lastupdated=2026-02-24; stale=no
Brazil,tax_rate_assumption,Tax rate assumption,pressure,yes,0.154102,world_bank,https://api.worldbank.org/v2/country/BRA/indicator/GC.TAX.TOTL.GD.ZS?format=json&mrv=30,World Bank WDI: Tax revenue (% of GDP) used as interim country average tax-take proxy,2024-12-31,as_of 2024-12-31,international,approved_proxy,auto_seed=world_bank_wdi; proxy=country_average_tax_take_from_tax_revenue_share; indicator=GC.TAX.TOTL.GD.ZS; observation_year=2024; dataset_lastupdated=2026-02-24; stale=no
Cambodia,civic_freedom_raw,Civic freedom and dignity (HRMI + Freedom House + V-Dem composite),community,yes,26,derived,https://rightstracker.org/,Civic Freedom Composite: 0.4 × HRMI Empowerment + 0.3 × Freedom House FIW + 0.3 × V-Dem Liberal Democracy Index (×100). Cambodia composite = 26,2024-12-31,2024 annual,national,approved_proxy,
Cambodia,gdp_growth,GDP growth,creative,yes,,,,,,,,,
Cambodia,gdp_per_capita_ppp,GDP per capita (PPP),creative,yes,,,,,,,,,
Cambodia,gini_coefficient,Gini coefficient,capability,yes,,,,,,,,,
Cambodia,hanke_misery_raw,Macroeconomic stress (Hanke Misery Index),pressure,yes,16,national_statistical_office,https://fortune.com/2026/04/16/hanke-annual-misery-index-2025-venezuela-taiwan-rankings/,Hanke Annual Misery Index 2025 (estimated from IMF/WB/national-bank macroeconomic profile): Cambodia ≈ 16,2025-12-31,2024 annual,national,approved_proxy,
Cambodia,household_debt_proxy,Household debt proxy,pressure,yes,,,,,,,,,
Cambodia,ppp_private_consumption,PPP private consumption factor,pressure,yes,,,,,,,,,
Cambodia,tax_rate_assumption,Tax rate assumption,pressure,yes,,,,,,,,,
Canada,administrative_investment_friction_raw,Administrative and investment friction,creative,yes,0.86,derived,https://api.worldbank.org/v2/country/CAN/indicator/RQ.EST?format=json&mrv=10,World Bank WGI: Regulatory Quality (inverted as friction proxy),2024-12-31,2024 annual,national,approved_proxy,
Canada,civic_freedom_raw,Civic freedom and dignity (HRMI + Freedom House + V-Dem composite),community,yes,87,derived,https://rightstracker.org/,Civic Freedom Composite: 0.4 × HRMI Empowerment + 0.3 × Freedom House FIW + 0.3 × V-Dem Liberal Democracy Index (×100). Canada composite = 87,2024-12-31,2024 annual,national,approved_proxy,
Canada,cultural_public_life_raw,"Cultural, historic, and public-life vitality",community,yes,785.45,national_statistical_office,https://api.worldbank.org/v2/country/CAN/indicator/ST.INT.ARVL?format=json&mrv=10,World Bank WDI: International tourism arrivals per 1 000 population,2024-12-31,2024 annual,national,approved_proxy,
Canada,digital_infrastructure_raw,Digital infrastructure,viability,yes,42.52,derived,https://api.worldbank.org/v2/country/CAN/indicator/IT.NET.BBND.P2?format=json&mrv=10,World Bank WDI: Fixed broadband subscriptions (per 100 people),2024-12-31,2024 annual,national,approved_proxy,
Canada,entrepreneurial_dynamism_raw,Entrepreneurial dynamism,creative,yes,9.83,derived,https://api.worldbank.org/v2/country/CAN/indicator/IC.BUS.NDNS.ZS?format=json&mrv=10,"World Bank WDI: New business density (new registrations per 1,000 people ages 15-64)",2024-12-31,2024 annual,national,approved_proxy,
Canada,gdp_growth,GDP growth,creative,yes,1.5548,world_bank,https://api.worldbank.org/v2/country/CAN/indicator/NY.GDP.MKTP.KD.ZG?format=json&mrv=30,World Bank WDI: GDP growth (annual %),2024-12-31,as_of 2024-12-31,international,direct,auto_seed=world_bank_wdi; indicator=NY.GDP.MKTP.KD.ZG; observation_year=2024; dataset_lastupdated=2026-02-24; stale=no
Canada,gdp_growth_context,Economic growth momentum,pressure,no,1.55,derived,https://api.worldbank.org/v2/country/CAN/indicator/NY.GDP.MKTP.KD.ZG?format=json&mrv=30,World Bank WDI: GDP growth (annual %),2024-12-31,2024 annual,national,approved_proxy,
Canada,gdp_per_capita_ppp,GDP per capita (PPP),creative,yes,64610.38,world_bank,https://api.worldbank.org/v2/country/CAN/indicator/NY.GDP.PCAP.PP.CD?format=json&mrv=30,"World Bank WDI: GDP per capita, PPP (current international $)",2024-12-31,as_of 2024-12-31,international,direct,auto_seed=world_bank_wdi; indicator=NY.GDP.PCAP.PP.CD; observation_year=2024; dataset_lastupdated=2026-02-24; stale=no
Canada,gini_coefficient,Gini coefficient,capability,yes,31.1,world_bank,https://api.worldbank.org/v2/country/CAN/indicator/SI.POV.GINI?format=json&mrv=30,World Bank WDI: Gini index,2021-12-31,as_of 2021-12-31,international,direct,auto_seed=world_bank_wdi; indicator=SI.POV.GINI; observation_year=2021; dataset_lastupdated=2026-02-24; stale=no
Canada,hanke_misery_raw,Macroeconomic stress (Hanke Misery Index),pressure,yes,18,national_statistical_office,https://fortune.com/2026/04/16/hanke-annual-misery-index-2025-venezuela-taiwan-rankings/,Hanke Annual Misery Index 2025 (estimated from IMF/WB/national-bank macroeconomic profile): Canada ≈ 18,2025-12-31,2024 annual,national,approved_proxy,
Canada,hospitality_belonging_raw,Hospitality and belonging,community,yes,57.9,derived,https://api.worldbank.org/v2/country/CAN/indicator/SM.POP.NETM?format=json&mrv=10,World Bank WDI: Net migration (proxy for hospitality/belonging — positive = welcoming),2024-12-31,2024 annual,national,approved_proxy,
Canada,household_debt_proxy,Household debt proxy,pressure,yes,124.0978,world_bank,https://api.worldbank.org/v2/country/CAN/indicator/FD.AST.PRVT.GD.ZS?format=json&mrv=30,World Bank WDI: Domestic credit to private sector by banks (% of GDP) used as interim leverage proxy,2008-12-31,as_of 2008-12-31,international,approved_proxy,auto_seed=world_bank_wdi; proxy=broad_private_credit_not_household_only; indicator=FD.AST.PRVT.GD.ZS; observation_year=2008; dataset_lastupdated=2026-02-24; stale=yes
Canada,personal_safety_raw,Personal safety,viability,yes,1.98,derived,https://api.worldbank.org/v2/country/CAN/indicator/VC.IHR.PSRC.P5?format=json&mrv=10,"UNODC via World Bank WDI: Intentional homicides (per 100,000 people)",2024-12-31,2024 annual,national,approved_proxy,
Canada,ppp_private_consumption,PPP private consumption factor,pressure,yes,1.240903,world_bank,https://api.worldbank.org/v2/country/CAN/indicator/PA.NUS.PRVT.PP?format=json&mrv=30,"World Bank WDI: PPP conversion factor, private consumption (LCU per international $)",2024-12-31,as_of 2024-12-31,international,direct,auto_seed=world_bank_wdi; indicator=PA.NUS.PRVT.PP; observation_year=2024; dataset_lastupdated=2026-02-24; stale=no
Canada,tax_rate_assumption,Tax rate assumption,pressure,yes,0.142302,world_bank,https://api.worldbank.org/v2/country/CAN/indicator/GC.TAX.TOTL.GD.ZS?format=json&mrv=30,World Bank WDI: Tax revenue (% of GDP) used as interim country average tax-take proxy,2024-12-31,as_of 2024-12-31,international,approved_proxy,auto_seed=world_bank_wdi; proxy=country_average_tax_take_from_tax_revenue_share; indicator=GC.TAX.TOTL.GD.ZS; observation_year=2024; dataset_lastupdated=2026-02-24; stale=no
Chile,administrative_investment_friction_raw,Administrative and investment friction,creative,yes,1.57,derived,https://api.worldbank.org/v2/country/CHL/indicator/RQ.EST?format=json&mrv=10,World Bank WGI: Regulatory Quality (inverted as friction proxy),2024-12-31,2024 annual,national,approved_proxy,
Chile,civic_freedom_raw,Civic freedom and dignity (HRMI + Freedom House + V-Dem composite),community,yes,78,derived,https://rightstracker.org/,Civic Freedom Composite: 0.4 × HRMI Empowerment + 0.3 × Freedom House FIW + 0.3 × V-Dem Liberal Democracy Index (×100). Chile composite = 78,2024-12-31,2024 annual,national,approved_proxy,
Chile,cultural_public_life_raw,"Cultural, historic, and public-life vitality",community,yes,274.78,national_statistical_office,https://api.worldbank.org/v2/country/CHL/indicator/ST.INT.ARVL?format=json&mrv=10,World Bank WDI: International tourism arrivals per 1 000 population,2024-12-31,2024 annual,national,approved_proxy,
Chile,digital_infrastructure_raw,Digital infrastructure,viability,yes,23,derived,https://api.worldbank.org/v2/country/CHL/indicator/IT.NET.BBND.P2?format=json&mrv=10,World Bank WDI: Fixed broadband subscriptions (per 100 people),2024-12-31,2024 annual,national,approved_proxy,
Chile,entrepreneurial_dynamism_raw,Entrepreneurial dynamism,creative,yes,10.82,derived,https://api.worldbank.org/v2/country/CHL/indicator/IC.BUS.NDNS.ZS?format=json&mrv=10,"World Bank WDI: New business density (new registrations per 1,000 people ages 15-64)",2024-12-31,2024 annual,national,approved_proxy,
Chile,gdp_growth,GDP growth,creative,yes,2.6443,world_bank,https://api.worldbank.org/v2/country/CHL/indicator/NY.GDP.MKTP.KD.ZG?format=json&mrv=30,World Bank WDI: GDP growth (annual %),2024-12-31,as_of 2024-12-31,international,direct,auto_seed=world_bank_wdi; indicator=NY.GDP.MKTP.KD.ZG; observation_year=2024; dataset_lastupdated=2026-02-24; stale=no
Chile,gdp_growth_context,Economic growth momentum,pressure,no,2.64,derived,https://api.worldbank.org/v2/country/CHL/indicator/NY.GDP.MKTP.KD.ZG?format=json&mrv=30,World Bank WDI: GDP growth (annual %),2024-12-31,2024 annual,national,approved_proxy,
Chile,gdp_per_capita_ppp,GDP per capita (PPP),creative,yes,36181.16,world_bank,https://api.worldbank.org/v2/country/CHL/indicator/NY.GDP.PCAP.PP.CD?format=json&mrv=30,"World Bank WDI: GDP per capita, PPP (current international $)",2024-12-31,as_of 2024-12-31,international,direct,auto_seed=world_bank_wdi; indicator=NY.GDP.PCAP.PP.CD; observation_year=2024; dataset_lastupdated=2026-02-24; stale=no
Chile,gini_coefficient,Gini coefficient,capability,yes,43,world_bank,https://api.worldbank.org/v2/country/CHL/indicator/SI.POV.GINI?format=json&mrv=30,World Bank WDI: Gini index,2022-12-31,as_of 2022-12-31,international,direct,auto_seed=world_bank_wdi; indicator=SI.POV.GINI; observation_year=2022; dataset_lastupdated=2026-02-24; stale=no
Chile,hanke_misery_raw,Macroeconomic stress (Hanke Misery Index),pressure,yes,21,national_statistical_office,https://fortune.com/2026/04/16/hanke-annual-misery-index-2025-venezuela-taiwan-rankings/,Hanke Annual Misery Index 2025 (estimated from IMF/WB/national-bank macroeconomic profile): Chile ≈ 21,2025-12-31,2024 annual,national,approved_proxy,
Chile,hospitality_belonging_raw,Hospitality and belonging,community,yes,52.62,derived,https://api.worldbank.org/v2/country/CHL/indicator/SM.POP.NETM?format=json&mrv=10,World Bank WDI: Net migration (proxy for hospitality/belonging — positive = welcoming),2024-12-31,2024 annual,national,approved_proxy,
Chile,household_debt_proxy,Household debt proxy,pressure,yes,74.9355,world_bank,https://api.worldbank.org/v2/country/CHL/indicator/FD.AST.PRVT.GD.ZS?format=json&mrv=30,World Bank WDI: Domestic credit to private sector by banks (% of GDP) used as interim leverage proxy,2024-12-31,as_of 2024-12-31,international,approved_proxy,auto_seed=world_bank_wdi; proxy=broad_private_credit_not_household_only; indicator=FD.AST.PRVT.GD.ZS; observation_year=2024; dataset_lastupdated=2026-02-24; stale=no
Chile,personal_safety_raw,Personal safety,viability,yes,6.35,derived,https://api.worldbank.org/v2/country/CHL/indicator/VC.IHR.PSRC.P5?format=json&mrv=10,"UNODC via World Bank WDI: Intentional homicides (per 100,000 people)",2024-12-31,2024 annual,national,approved_proxy,
Chile,ppp_private_consumption,PPP private consumption factor,pressure,yes,464.876032,world_bank,https://api.worldbank.org/v2/country/CHL/indicator/PA.NUS.PRVT.PP?format=json&mrv=30,"World Bank WDI: PPP conversion factor, private consumption (LCU per international $)",2024-12-31,as_of 2024-12-31,international,direct,auto_seed=world_bank_wdi; indicator=PA.NUS.PRVT.PP; observation_year=2024; dataset_lastupdated=2026-02-24; stale=no
Chile,tax_rate_assumption,Tax rate assumption,pressure,yes,0.177194,world_bank,https://api.worldbank.org/v2/country/CHL/indicator/GC.TAX.TOTL.GD.ZS?format=json&mrv=30,World Bank WDI: Tax revenue (% of GDP) used as interim country average tax-take proxy,2023-12-31,as_of 2023-12-31,international,approved_proxy,auto_seed=world_bank_wdi; proxy=country_average_tax_take_from_tax_revenue_share; indicator=GC.TAX.TOTL.GD.ZS; observation_year=2023; dataset_lastupdated=2026-02-24; stale=no
China,administrative_investment_friction_raw,Administrative and investment friction,creative,yes,2.85,derived,https://api.worldbank.org/v2/country/CHN/indicator/RQ.EST?format=json&mrv=10,World Bank WGI: Regulatory Quality (inverted as friction proxy) — China's party-state governance model adds administrative friction,2024-12-31,2024 annual,national,approved_proxy,
China,birth_rate_optimism_raw,Birth-rate optimism,community,no,1.18,derived,https://data.worldbank.org/indicator/SP.DYN.TFRT.IN,World Bank Total Fertility Rate 2023,2023-12-31,2024 annual,national,approved_proxy,
China,civic_freedom_raw,Civic freedom and dignity (HRMI + Freedom House + V-Dem composite),community,yes,13,derived,https://rightstracker.org/,Civic Freedom Composite: 0.4 × HRMI Empowerment + 0.3 × Freedom House FIW + 0.3 × V-Dem Liberal Democracy Index (×100). China composite = 13,2024-12-31,2024 annual,national,approved_proxy,
China,digital_infrastructure_raw,Digital infrastructure,viability,yes,37.3,derived,https://api.worldbank.org/v2/country/CHN/indicator/IT.NET.BBND.P2?format=json&mrv=10,World Bank WDI: Fixed broadband subscriptions (per 100 people),2024-12-31,2024 annual,national,approved_proxy,
China,entrepreneurial_dynamism_raw,Entrepreneurial dynamism,creative,yes,6.13,derived,https://api.worldbank.org/v2/country/CHN/indicator/IC.BUS.NDNS.ZS?format=json&mrv=10,"World Bank WDI: New business density (new registrations per 1,000 people ages 15-64)",2024-12-31,2024 annual,national,approved_proxy,
China,gdp_growth,GDP growth,creative,yes,4.9774,world_bank,https://api.worldbank.org/v2/country/CHN/indicator/NY.GDP.MKTP.KD.ZG?format=json&mrv=30,World Bank WDI: GDP growth (annual %),2024-12-31,as_of 2024-12-31,international,direct,auto_seed=world_bank_wdi; indicator=NY.GDP.MKTP.KD.ZG; observation_year=2024; dataset_lastupdated=2026-02-24; stale=no
China,gdp_growth_context,Economic growth momentum,pressure,no,5,derived,https://api.worldbank.org/v2/country/CHN/indicator/NY.GDP.MKTP.KD.ZG?format=json&mrv=30,World Bank WDI: GDP growth (annual %),2024-12-31,2024 annual,national,approved_proxy,
China,gdp_per_capita_ppp,GDP per capita (PPP),creative,yes,27104.87,world_bank,https://api.worldbank.org/v2/country/CHN/indicator/NY.GDP.PCAP.PP.CD?format=json&mrv=30,"World Bank WDI: GDP per capita, PPP (current international $)",2024-12-31,as_of 2024-12-31,international,direct,auto_seed=world_bank_wdi; indicator=NY.GDP.PCAP.PP.CD; observation_year=2024; dataset_lastupdated=2026-02-24; stale=no
China,gini_coefficient,Gini coefficient,capability,yes,36,world_bank,https://api.worldbank.org/v2/country/CHN/indicator/SI.POV.GINI?format=json&mrv=30,World Bank WDI: Gini index,2022-12-31,as_of 2022-12-31,international,direct,auto_seed=world_bank_wdi; indicator=SI.POV.GINI; observation_year=2022; dataset_lastupdated=2026-02-24; stale=no
China,hanke_misery_raw,Macroeconomic stress (Hanke Misery Index),pressure,yes,8.5,national_statistical_office,https://fortune.com/2026/04/16/hanke-annual-misery-index-2025-venezuela-taiwan-rankings/,Hanke Annual Misery Index 2025 (estimated from IMF/WB/national-bank macroeconomic profile): China ≈ 8.5,2025-12-31,2024 annual,national,approved_proxy,
China,healthcare_quality_raw,Healthcare quality,capability,yes,79,derived,https://www.who.int/data/gho/data/indicators/indicator-details/GHO/UHC_INDEX_REPORTED,WHO GHO: UHC Service Coverage Index,2024-12-31,2024 annual,national,approved_proxy,
China,hospitality_belonging_raw,Hospitality and belonging,community,yes,42.1,derived,https://api.worldbank.org/v2/country/CHN/indicator/SM.POP.NETM?format=json&mrv=10,World Bank WDI: Net migration (proxy for hospitality/belonging — positive = welcoming),2024-12-31,2024 annual,national,approved_proxy,
China,household_debt_effective_raw,Household debt burden,pressure,yes,62,derived,https://www.bis.org/statistics/totcredit.htm,BIS: China household debt to GDP,2024-12-31,2024 annual,national,approved_proxy,
China,household_debt_proxy,Household debt proxy,pressure,yes,194.166,world_bank,https://api.worldbank.org/v2/country/CHN/indicator/FD.AST.PRVT.GD.ZS?format=json&mrv=30,World Bank WDI: Domestic credit to private sector by banks (% of GDP) used as interim leverage proxy,2024-12-31,as_of 2024-12-31,international,approved_proxy,auto_seed=world_bank_wdi; proxy=broad_private_credit_not_household_only; indicator=FD.AST.PRVT.GD.ZS; observation_year=2024; dataset_lastupdated=2026-02-24; stale=no
China,personal_safety_raw,Personal safety,viability,yes,0.5,derived,https://api.worldbank.org/v2/country/CHN/indicator/VC.IHR.PSRC.P5?format=json&mrv=10,"UNODC via World Bank WDI: Intentional homicides (per 100,000 people)",2024-12-31,2024 annual,national,approved_proxy,
China,ppp_private_consumption,PPP private consumption factor,pressure,yes,3.550789,world_bank,https://api.worldbank.org/v2/country/CHN/indicator/PA.NUS.PRVT.PP?format=json&mrv=30,"World Bank WDI: PPP conversion factor, private consumption (LCU per international $)",2024-12-31,as_of 2024-12-31,international,direct,auto_seed=world_bank_wdi; indicator=PA.NUS.PRVT.PP; observation_year=2024; dataset_lastupdated=2026-02-24; stale=no
China,suicide_mental_strain_raw,Suicide and severe mental strain,pressure,yes,6.7,derived,https://www.who.int/data/gho/data/indicators/indicator-details/GHO/SDGSUICIDE,"WHO GHO: Age-standardized suicide rate (per 100,000 population)",2024-12-31,2024 annual,national,approved_proxy,
China,tax_rate_assumption,Tax rate assumption,pressure,yes,0.076382,world_bank,https://api.worldbank.org/v2/country/CHN/indicator/GC.TAX.TOTL.GD.ZS?format=json&mrv=30,World Bank WDI: Tax revenue (% of GDP) used as interim country average tax-take proxy,2023-12-31,as_of 2023-12-31,international,approved_proxy,auto_seed=world_bank_wdi; proxy=country_average_tax_take_from_tax_revenue_share; indicator=GC.TAX.TOTL.GD.ZS; observation_year=2023; dataset_lastupdated=2026-02-24; stale=no
China,water_sanitation_utility_raw,"Water, sanitation, and utility reliability",viability,yes,94.2,derived,https://api.worldbank.org/v2/country/CHN/indicator/SH.H2O.SMDW.ZS?format=json&mrv=10,World Bank WDI: People using safely managed drinking water services (% of population),2024-12-31,2024 annual,national,approved_proxy,
China,working_time_pressure_raw,Working time pressure,pressure,yes,46.1,derived,https://ilostat.ilo.org/data/indicator/?id=HOW_TEMP_SEX_ECO_NB_A&ref_area=CHN,ILO ILOSTAT: Mean weekly hours actually worked per employed person (996 cultural pressure),2024-12-31,2024 annual,national,approved_proxy,
Colombia,administrative_investment_friction_raw,Administrative and investment friction,creative,yes,2.4,derived,https://api.worldbank.org/v2/country/COL/indicator/RQ.EST?format=json&mrv=10,World Bank WGI: Regulatory Quality (inverted as friction proxy),2024-12-31,2024 annual,national,approved_proxy,
Colombia,civic_freedom_raw,Civic freedom and dignity (HRMI + Freedom House + V-Dem composite),community,yes,58,derived,https://rightstracker.org/,Civic Freedom Composite: 0.4 × HRMI Empowerment + 0.3 × Freedom House FIW + 0.3 × V-Dem Liberal Democracy Index (×100). Colombia composite = 58,2024-12-31,2024 annual,national,approved_proxy,
Colombia,cultural_public_life_raw,"Cultural, historic, and public-life vitality",community,yes,26.4,national_statistical_office,https://api.worldbank.org/v2/country/COL/indicator/ST.INT.ARVL?format=json&mrv=10,World Bank WDI: International tourism arrivals per 1 000 population,2024-12-31,2024 annual,national,approved_proxy,
Colombia,digital_infrastructure_raw,Digital infrastructure,viability,yes,17.04,derived,https://api.worldbank.org/v2/country/COL/indicator/IT.NET.BBND.P2?format=json&mrv=10,World Bank WDI: Fixed broadband subscriptions (per 100 people),2024-12-31,2024 annual,national,approved_proxy,
Colombia,entrepreneurial_dynamism_raw,Entrepreneurial dynamism,creative,yes,2.26,derived,https://api.worldbank.org/v2/country/COL/indicator/IC.BUS.NDNS.ZS?format=json&mrv=10,"World Bank WDI: New business density (new registrations per 1,000 people ages 15-64)",2024-12-31,2024 annual,national,approved_proxy,
Colombia,gdp_growth,GDP growth,creative,yes,1.5983,world_bank,https://api.worldbank.org/v2/country/COL/indicator/NY.GDP.MKTP.KD.ZG?format=json&mrv=30,World Bank WDI: GDP growth (annual %),2024-12-31,as_of 2024-12-31,international,direct,auto_seed=world_bank_wdi; indicator=NY.GDP.MKTP.KD.ZG; observation_year=2024; dataset_lastupdated=2026-02-24; stale=no
Colombia,gdp_growth_context,Economic growth momentum,pressure,no,1.6,derived,https://api.worldbank.org/v2/country/COL/indicator/NY.GDP.MKTP.KD.ZG?format=json&mrv=30,World Bank WDI: GDP growth (annual %),2024-12-31,2024 annual,national,approved_proxy,
Colombia,gdp_per_capita_ppp,GDP per capita (PPP),creative,yes,22349.44,world_bank,https://api.worldbank.org/v2/country/COL/indicator/NY.GDP.PCAP.PP.CD?format=json&mrv=30,"World Bank WDI: GDP per capita, PPP (current international $)",2024-12-31,as_of 2024-12-31,international,direct,auto_seed=world_bank_wdi; indicator=NY.GDP.PCAP.PP.CD; observation_year=2024; dataset_lastupdated=2026-02-24; stale=no
Colombia,gini_coefficient,Gini coefficient,capability,yes,53.9,world_bank,https://api.worldbank.org/v2/country/COL/indicator/SI.POV.GINI?format=json&mrv=30,World Bank WDI: Gini index,2023-12-31,as_of 2023-12-31,international,direct,auto_seed=world_bank_wdi; indicator=SI.POV.GINI; observation_year=2023; dataset_lastupdated=2026-02-24; stale=no
Colombia,hanke_misery_raw,Macroeconomic stress (Hanke Misery Index),pressure,yes,27,national_statistical_office,https://fortune.com/2026/04/16/hanke-annual-misery-index-2025-venezuela-taiwan-rankings/,Hanke Annual Misery Index 2025 (estimated from IMF/WB/national-bank macroeconomic profile): Colombia ≈ 27,2025-12-31,2024 annual,national,approved_proxy,
Colombia,hospitality_belonging_raw,Hospitality and belonging,community,yes,52.44,derived,https://api.worldbank.org/v2/country/COL/indicator/SM.POP.NETM?format=json&mrv=10,World Bank WDI: Net migration (proxy for hospitality/belonging — positive = welcoming),2024-12-31,2024 annual,national,approved_proxy,
Colombia,household_debt_proxy,Household debt proxy,pressure,yes,39.5117,world_bank,https://api.worldbank.org/v2/country/COL/indicator/FD.AST.PRVT.GD.ZS?format=json&mrv=30,World Bank WDI: Domestic credit to private sector by banks (% of GDP) used as interim leverage proxy,2024-12-31,as_of 2024-12-31,international,approved_proxy,auto_seed=world_bank_wdi; proxy=broad_private_credit_not_household_only; indicator=FD.AST.PRVT.GD.ZS; observation_year=2024; dataset_lastupdated=2026-02-24; stale=no
Colombia,personal_safety_raw,Personal safety,viability,yes,24.91,derived,https://api.worldbank.org/v2/country/COL/indicator/VC.IHR.PSRC.P5?format=json&mrv=10,"UNODC via World Bank WDI: Intentional homicides (per 100,000 people)",2024-12-31,2024 annual,national,approved_proxy,
Colombia,ppp_private_consumption,PPP private consumption factor,pressure,yes,1542.193816,world_bank,https://api.worldbank.org/v2/country/COL/indicator/PA.NUS.PRVT.PP?format=json&mrv=30,"World Bank WDI: PPP conversion factor, private consumption (LCU per international $)",2024-12-31,as_of 2024-12-31,international,direct,auto_seed=world_bank_wdi; indicator=PA.NUS.PRVT.PP; observation_year=2024; dataset_lastupdated=2026-02-24; stale=no
Colombia,tax_rate_assumption,Tax rate assumption,pressure,yes,0.152812,world_bank,https://api.worldbank.org/v2/country/COL/indicator/GC.TAX.TOTL.GD.ZS?format=json&mrv=30,World Bank WDI: Tax revenue (% of GDP) used as interim country average tax-take proxy,2024-12-31,as_of 2024-12-31,international,approved_proxy,auto_seed=world_bank_wdi; proxy=country_average_tax_take_from_tax_revenue_share; indicator=GC.TAX.TOTL.GD.ZS; observation_year=2024; dataset_lastupdated=2026-02-24; stale=no
Costa Rica,civic_freedom_raw,Civic freedom and dignity (HRMI + Freedom House + V-Dem composite),community,yes,82,derived,https://rightstracker.org/,Civic Freedom Composite: 0.4 × HRMI Empowerment + 0.3 × Freedom House FIW + 0.3 × V-Dem Liberal Democracy Index (×100). Costa Rica composite = 82,2024-12-31,2024 annual,national,approved_proxy,
Costa Rica,gdp_growth,GDP growth,creative,yes,4.3212,world_bank,https://api.worldbank.org/v2/country/CRI/indicator/NY.GDP.MKTP.KD.ZG?format=json&mrv=30,World Bank WDI: GDP growth (annual %),2024-12-31,as_of 2024-12-31,international,direct,auto_seed=world_bank_wdi; indicator=NY.GDP.MKTP.KD.ZG; observation_year=2024; dataset_lastupdated=2026-02-24; stale=no
Costa Rica,gdp_growth_context,Economic growth momentum,pressure,no,4.32,derived,https://api.worldbank.org/v2/country/CRI/indicator/NY.GDP.MKTP.KD.ZG?format=json&mrv=30,World Bank WDI: GDP growth (annual %),2024-12-31,2024 annual,national,approved_proxy,
Costa Rica,gdp_per_capita_ppp,GDP per capita (PPP),creative,yes,31106.76,world_bank,https://api.worldbank.org/v2/country/CRI/indicator/NY.GDP.PCAP.PP.CD?format=json&mrv=30,"World Bank WDI: GDP per capita, PPP (current international $)",2024-12-31,as_of 2024-12-31,international,direct,auto_seed=world_bank_wdi; indicator=NY.GDP.PCAP.PP.CD; observation_year=2024; dataset_lastupdated=2026-02-24; stale=no
Costa Rica,gini_coefficient,Gini coefficient,capability,yes,45.8,world_bank,https://api.worldbank.org/v2/country/CRI/indicator/SI.POV.GINI?format=json&mrv=30,World Bank WDI: Gini index,2024-12-31,as_of 2024-12-31,international,direct,auto_seed=world_bank_wdi; indicator=SI.POV.GINI; observation_year=2024; dataset_lastupdated=2026-02-24; stale=no
Costa Rica,hanke_misery_raw,Macroeconomic stress (Hanke Misery Index),pressure,yes,21,national_statistical_office,https://fortune.com/2026/04/16/hanke-annual-misery-index-2025-venezuela-taiwan-rankings/,Hanke Annual Misery Index 2025 (estimated from IMF/WB/national-bank macroeconomic profile): Costa Rica ≈ 21,2025-12-31,2024 annual,national,approved_proxy,
Costa Rica,household_debt_proxy,Household debt proxy,pressure,yes,50.9742,world_bank,https://api.worldbank.org/v2/country/CRI/indicator/FD.AST.PRVT.GD.ZS?format=json&mrv=30,World Bank WDI: Domestic credit to private sector by banks (% of GDP) used as interim leverage proxy,2024-12-31,as_of 2024-12-31,international,approved_proxy,auto_seed=world_bank_wdi; proxy=broad_private_credit_not_household_only; indicator=FD.AST.PRVT.GD.ZS; observation_year=2024; dataset_lastupdated=2026-02-24; stale=no
Costa Rica,ppp_private_consumption,PPP private consumption factor,pressure,yes,328.046587,world_bank,https://api.worldbank.org/v2/country/CRI/indicator/PA.NUS.PRVT.PP?format=json&mrv=30,"World Bank WDI: PPP conversion factor, private consumption (LCU per international $)",2024-12-31,as_of 2024-12-31,international,direct,auto_seed=world_bank_wdi; indicator=PA.NUS.PRVT.PP; observation_year=2024; dataset_lastupdated=2026-02-24; stale=no
Costa Rica,tax_rate_assumption,Tax rate assumption,pressure,yes,0.139115,world_bank,https://api.worldbank.org/v2/country/CRI/indicator/GC.TAX.TOTL.GD.ZS?format=json&mrv=30,World Bank WDI: Tax revenue (% of GDP) used as interim country average tax-take proxy,2023-12-31,as_of 2023-12-31,international,approved_proxy,auto_seed=world_bank_wdi; proxy=country_average_tax_take_from_tax_revenue_share; indicator=GC.TAX.TOTL.GD.ZS; observation_year=2023; dataset_lastupdated=2026-02-24; stale=no
Croatia,civic_freedom_raw,Civic freedom and dignity (HRMI + Freedom House + V-Dem composite),community,yes,68,derived,https://rightstracker.org/,Civic Freedom Composite: 0.4 × HRMI Empowerment + 0.3 × Freedom House FIW + 0.3 × V-Dem Liberal Democracy Index (×100). Croatia composite = 68,2024-12-31,2024 annual,national,approved_proxy,
Croatia,gdp_growth,GDP growth,creative,yes,,,,,,,,,
Croatia,gdp_per_capita_ppp,GDP per capita (PPP),creative,yes,,,,,,,,,
Croatia,gini_coefficient,Gini coefficient,capability,yes,,,,,,,,,
Croatia,hanke_misery_raw,Macroeconomic stress (Hanke Misery Index),pressure,yes,21,national_statistical_office,https://fortune.com/2026/04/16/hanke-annual-misery-index-2025-venezuela-taiwan-rankings/,Hanke Annual Misery Index 2025 (estimated from IMF/WB/national-bank macroeconomic profile): Croatia ≈ 21,2025-12-31,2024 annual,national,approved_proxy,
Croatia,household_debt_proxy,Household debt proxy,pressure,yes,,,,,,,,,
Croatia,ppp_private_consumption,PPP private consumption factor,pressure,yes,,,,,,,,,
Croatia,tax_rate_assumption,Tax rate assumption,pressure,yes,,,,,,,,,
Czechia,administrative_investment_friction_raw,Administrative and investment friction,creative,yes,1.06,derived,https://api.worldbank.org/v2/country/CZE/indicator/RQ.EST?format=json&mrv=10,World Bank WGI: Regulatory Quality (inverted as friction proxy),2024-12-31,2024 annual,national,approved_proxy,
Czechia,civic_freedom_raw,Civic freedom and dignity (HRMI + Freedom House + V-Dem composite),community,yes,80,derived,https://rightstracker.org/,Civic Freedom Composite: 0.4 × HRMI Empowerment + 0.3 × Freedom House FIW + 0.3 × V-Dem Liberal Democracy Index (×100). Czechia composite = 80,2024-12-31,2024 annual,national,approved_proxy,
Czechia,cultural_public_life_raw,"Cultural, historic, and public-life vitality",community,yes,1993.45,national_statistical_office,https://api.worldbank.org/v2/country/CZE/indicator/ST.INT.ARVL?format=json&mrv=10,World Bank WDI: International tourism arrivals per 1 000 population — Prague receives 9M+ tourists on 1.3M residents,2024-12-31,2024 annual,national,approved_proxy,
Czechia,digital_infrastructure_raw,Digital infrastructure,viability,yes,33.3,derived,https://api.worldbank.org/v2/country/CZE/indicator/IT.NET.BBND.P2?format=json&mrv=10,World Bank WDI: Fixed broadband subscriptions (per 100 people),2024-12-31,2024 annual,national,approved_proxy,
Czechia,entrepreneurial_dynamism_raw,Entrepreneurial dynamism,creative,yes,3.37,derived,https://api.worldbank.org/v2/country/CZE/indicator/IC.BUS.NDNS.ZS?format=json&mrv=10,"World Bank WDI: New business density (new registrations per 1,000 people ages 15-64)",2024-12-31,2024 annual,national,approved_proxy,
Czechia,gdp_growth,GDP growth,creative,yes,,,,,,,,,
Czechia,gdp_growth_context,Economic growth momentum,pressure,no,1.6,derived,https://api.worldbank.org/v2/country/CZE/indicator/NY.GDP.MKTP.KD.ZG?format=json&mrv=30,World Bank WDI: GDP growth (annual %),2024-12-31,2024 annual,national,approved_proxy,
Czechia,gdp_per_capita_ppp,GDP per capita (PPP),creative,yes,,,,,,,,,
Czechia,gini_coefficient,Gini coefficient,capability,yes,,,,,,,,,
Czechia,hanke_misery_raw,Macroeconomic stress (Hanke Misery Index),pressure,yes,19,national_statistical_office,https://fortune.com/2026/04/16/hanke-annual-misery-index-2025-venezuela-taiwan-rankings/,Hanke Annual Misery Index 2025 (estimated from IMF/WB/national-bank macroeconomic profile): Czechia ≈ 19,2025-12-31,2024 annual,national,approved_proxy,
Czechia,hospitality_belonging_raw,Hospitality and belonging,community,yes,54.6,derived,https://api.worldbank.org/v2/country/CZE/indicator/SM.POP.NETM?format=json&mrv=10,World Bank WDI: Net migration (proxy for hospitality/belonging — positive = welcoming),2024-12-31,2024 annual,national,approved_proxy,
Czechia,household_debt_effective_raw,Household debt burden,pressure,yes,35.2,derived,https://www.cnb.cz/en/,BIS / CNB: Household debt to GDP — Czechia low-EU level,2024-12-31,2024 annual,national,approved_proxy,
Czechia,household_debt_proxy,Household debt proxy,pressure,yes,,,,,,,,,
Czechia,ppp_private_consumption,PPP private consumption factor,pressure,yes,,,,,,,,,
Czechia,tax_rate_assumption,Tax rate assumption,pressure,yes,,,,,,,,,
Denmark,civic_freedom_raw,Civic freedom and dignity (HRMI + Freedom House + V-Dem composite),community,yes,90,derived,https://rightstracker.org/,Civic Freedom Composite: 0.4 × HRMI Empowerment + 0.3 × Freedom House FIW + 0.3 × V-Dem Liberal Democracy Index (×100). Denmark composite = 90,2024-12-31,2024 annual,national,approved_proxy,
Denmark,gdp_growth,GDP growth,creative,yes,3.4778,world_bank,https://api.worldbank.org/v2/country/DNK/indicator/NY.GDP.MKTP.KD.ZG?format=json&mrv=30,World Bank WDI: GDP growth (annual %),2024-12-31,as_of 2024-12-31,international,direct,auto_seed=world_bank_wdi; indicator=NY.GDP.MKTP.KD.ZG; observation_year=2024; dataset_lastupdated=2026-02-24; stale=no
Denmark,gdp_growth_context,Economic growth momentum,pressure,no,3.48,derived,https://api.worldbank.org/v2/country/DNK/indicator/NY.GDP.MKTP.KD.ZG?format=json&mrv=30,World Bank WDI: GDP growth (annual %),2024-12-31,2024 annual,national,approved_proxy,
Denmark,gdp_per_capita_ppp,GDP per capita (PPP),creative,yes,81878.23,world_bank,https://api.worldbank.org/v2/country/DNK/indicator/NY.GDP.PCAP.PP.CD?format=json&mrv=30,"World Bank WDI: GDP per capita, PPP (current international $)",2024-12-31,as_of 2024-12-31,international,direct,auto_seed=world_bank_wdi; indicator=NY.GDP.PCAP.PP.CD; observation_year=2024; dataset_lastupdated=2026-02-24; stale=no
Denmark,gini_coefficient,Gini coefficient,capability,yes,29.9,world_bank,https://api.worldbank.org/v2/country/DNK/indicator/SI.POV.GINI?format=json&mrv=30,World Bank WDI: Gini index,2023-12-31,as_of 2023-12-31,international,direct,auto_seed=world_bank_wdi; indicator=SI.POV.GINI; observation_year=2023; dataset_lastupdated=2026-02-24; stale=no
Denmark,hanke_misery_raw,Macroeconomic stress (Hanke Misery Index),pressure,yes,13.8,national_statistical_office,https://fortune.com/2026/04/16/hanke-annual-misery-index-2025-venezuela-taiwan-rankings/,Hanke Annual Misery Index 2025 (estimated from IMF/WB/national-bank macroeconomic profile): Denmark ≈ 13.8,2025-12-31,2024 annual,national,approved_proxy,
Denmark,hospitality_belonging_raw,Hospitality and belonging,community,yes,47,derived,https://pub.norden.org/,NordForsk + IF Insurance + Nordic Co-operation: documented loneliness epidemic. Gallup positive-experience overstates Nordic wellbeing by missing social isolation,2024-12-31,2024 annual,national,approved_proxy,
Denmark,household_debt_proxy,Household debt proxy,pressure,yes,144.0931,world_bank,https://api.worldbank.org/v2/country/DNK/indicator/FD.AST.PRVT.GD.ZS?format=json&mrv=30,World Bank WDI: Domestic credit to private sector by banks (% of GDP) used as interim leverage proxy,2024-12-31,as_of 2024-12-31,international,approved_proxy,auto_seed=world_bank_wdi; proxy=broad_private_credit_not_household_only; indicator=FD.AST.PRVT.GD.ZS; observation_year=2024; dataset_lastupdated=2026-02-24; stale=no
Denmark,ppp_private_consumption,PPP private consumption factor,pressure,yes,6.764411,world_bank,https://api.worldbank.org/v2/country/DNK/indicator/PA.NUS.PRVT.PP?format=json&mrv=30,"World Bank WDI: PPP conversion factor, private consumption (LCU per international $)",2024-12-31,as_of 2024-12-31,international,direct,auto_seed=world_bank_wdi; indicator=PA.NUS.PRVT.PP; observation_year=2024; dataset_lastupdated=2026-02-24; stale=no
Denmark,tax_rate_assumption,Tax rate assumption,pressure,yes,0.315935,world_bank,https://api.worldbank.org/v2/country/DNK/indicator/GC.TAX.TOTL.GD.ZS?format=json&mrv=30,World Bank WDI: Tax revenue (% of GDP) used as interim country average tax-take proxy,2023-12-31,as_of 2023-12-31,international,approved_proxy,auto_seed=world_bank_wdi; proxy=country_average_tax_take_from_tax_revenue_share; indicator=GC.TAX.TOTL.GD.ZS; observation_year=2023; dataset_lastupdated=2026-02-24; stale=no
Dominican Republic,civic_freedom_raw,Civic freedom and dignity (HRMI + Freedom House + V-Dem composite),community,yes,58,derived,https://rightstracker.org/,Civic Freedom Composite: 0.4 × HRMI Empowerment + 0.3 × Freedom House FIW + 0.3 × V-Dem Liberal Democracy Index (×100). Dominican Republic composite = 58,2024-12-31,2024 annual,national,approved_proxy,
Dominican Republic,gdp_growth,GDP growth,creative,yes,,,,,,,,,
Dominican Republic,gdp_per_capita_ppp,GDP per capita (PPP),creative,yes,,,,,,,,,
Dominican Republic,gini_coefficient,Gini coefficient,capability,yes,,,,,,,,,
Dominican Republic,hanke_misery_raw,Macroeconomic stress (Hanke Misery Index),pressure,yes,22,national_statistical_office,https://fortune.com/2026/04/16/hanke-annual-misery-index-2025-venezuela-taiwan-rankings/,Hanke Annual Misery Index 2025 (estimated from IMF/WB/national-bank macroeconomic profile): Dominican Republic ≈ 22,2025-12-31,2024 annual,national,approved_proxy,
Dominican Republic,household_debt_proxy,Household debt proxy,pressure,yes,,,,,,,,,
Dominican Republic,ppp_private_consumption,PPP private consumption factor,pressure,yes,,,,,,,,,
Dominican Republic,tax_rate_assumption,Tax rate assumption,pressure,yes,,,,,,,,,
Ecuador,civic_freedom_raw,Civic freedom and dignity (HRMI + Freedom House + V-Dem composite),community,yes,52,derived,https://rightstracker.org/,Civic Freedom Composite: 0.4 × HRMI Empowerment + 0.3 × Freedom House FIW + 0.3 × V-Dem Liberal Democracy Index (×100). Ecuador composite = 52,2024-12-31,2024 annual,national,approved_proxy,
Ecuador,gdp_growth,GDP growth,creative,yes,,,,,,,,,
Ecuador,gdp_per_capita_ppp,GDP per capita (PPP),creative,yes,,,,,,,,,
Ecuador,gini_coefficient,Gini coefficient,capability,yes,,,,,,,,,
Ecuador,hanke_misery_raw,Macroeconomic stress (Hanke Misery Index),pressure,yes,28,national_statistical_office,https://fortune.com/2026/04/16/hanke-annual-misery-index-2025-venezuela-taiwan-rankings/,Hanke Annual Misery Index 2025 (estimated from IMF/WB/national-bank macroeconomic profile): Ecuador ≈ 28,2025-12-31,2024 annual,national,approved_proxy,
Ecuador,household_debt_proxy,Household debt proxy,pressure,yes,,,,,,,,,
Ecuador,ppp_private_consumption,PPP private consumption factor,pressure,yes,,,,,,,,,
Ecuador,tax_rate_assumption,Tax rate assumption,pressure,yes,,,,,,,,,
Egypt,civic_freedom_raw,Civic freedom and dignity (HRMI + Freedom House + V-Dem composite),community,yes,24,derived,https://rightstracker.org/,Civic Freedom Composite: 0.4 × HRMI Empowerment + 0.3 × Freedom House FIW + 0.3 × V-Dem Liberal Democracy Index (×100). Egypt composite = 24,2024-12-31,2024 annual,national,approved_proxy,
Egypt,gdp_growth,GDP growth,creative,yes,,,,,,,,,
Egypt,gdp_per_capita_ppp,GDP per capita (PPP),creative,yes,,,,,,,,,
Egypt,gini_coefficient,Gini coefficient,capability,yes,,,,,,,,,
Egypt,hanke_misery_raw,Macroeconomic stress (Hanke Misery Index),pressure,yes,50,national_statistical_office,https://fortune.com/2026/04/16/hanke-annual-misery-index-2025-venezuela-taiwan-rankings/,Hanke Annual Misery Index 2025 (estimated from IMF/WB/national-bank macroeconomic profile): Egypt ≈ 50,2025-12-31,2024 annual,national,approved_proxy,
Egypt,household_debt_proxy,Household debt proxy,pressure,yes,,,,,,,,,
Egypt,ppp_private_consumption,PPP private consumption factor,pressure,yes,,,,,,,,,
Egypt,tax_rate_assumption,Tax rate assumption,pressure,yes,,,,,,,,,
Estonia,civic_freedom_raw,Civic freedom and dignity (HRMI + Freedom House + V-Dem composite),community,yes,82,derived,https://rightstracker.org/,Civic Freedom Composite: 0.4 × HRMI Empowerment + 0.3 × Freedom House FIW + 0.3 × V-Dem Liberal Democracy Index (×100). Estonia composite = 82,2024-12-31,2024 annual,national,approved_proxy,
Estonia,gdp_growth,GDP growth,creative,yes,-0.09,world_bank,https://api.worldbank.org/v2/country/EST/indicator/NY.GDP.MKTP.KD.ZG?format=json&mrv=30,World Bank WDI: GDP growth (annual %),2024-12-31,as_of 2024-12-31,international,direct,auto_seed=world_bank_wdi; indicator=NY.GDP.MKTP.KD.ZG; observation_year=2024; dataset_lastupdated=2026-02-24; stale=no
Estonia,gdp_growth_context,Economic growth momentum,pressure,no,-0.09,derived,https://api.worldbank.org/v2/country/EST/indicator/NY.GDP.MKTP.KD.ZG?format=json&mrv=30,World Bank WDI: GDP growth (annual %),2024-12-31,2024 annual,national,approved_proxy,
Estonia,gdp_per_capita_ppp,GDP per capita (PPP),creative,yes,49968.71,world_bank,https://api.worldbank.org/v2/country/EST/indicator/NY.GDP.PCAP.PP.CD?format=json&mrv=30,"World Bank WDI: GDP per capita, PPP (current international $)",2024-12-31,as_of 2024-12-31,international,direct,auto_seed=world_bank_wdi; indicator=NY.GDP.PCAP.PP.CD; observation_year=2024; dataset_lastupdated=2026-02-24; stale=no
Estonia,gini_coefficient,Gini coefficient,capability,yes,30.7,world_bank,https://api.worldbank.org/v2/country/EST/indicator/SI.POV.GINI?format=json&mrv=30,World Bank WDI: Gini index,2023-12-31,as_of 2023-12-31,international,direct,auto_seed=world_bank_wdi; indicator=SI.POV.GINI; observation_year=2023; dataset_lastupdated=2026-02-24; stale=no
Estonia,hanke_misery_raw,Macroeconomic stress (Hanke Misery Index),pressure,yes,18.5,national_statistical_office,https://fortune.com/2026/04/16/hanke-annual-misery-index-2025-venezuela-taiwan-rankings/,Hanke Annual Misery Index 2025 (estimated from IMF/WB/national-bank macroeconomic profile): Estonia ≈ 18.5,2025-12-31,2024 annual,national,approved_proxy,
Estonia,household_debt_proxy,Household debt proxy,pressure,yes,60.5329,world_bank,https://api.worldbank.org/v2/country/EST/indicator/FD.AST.PRVT.GD.ZS?format=json&mrv=30,World Bank WDI: Domestic credit to private sector by banks (% of GDP) used as interim leverage proxy,2024-12-31,as_of 2024-12-31,international,approved_proxy,auto_seed=world_bank_wdi; proxy=broad_private_credit_not_household_only; indicator=FD.AST.PRVT.GD.ZS; observation_year=2024; dataset_lastupdated=2026-02-24; stale=no
Estonia,ppp_private_consumption,PPP private consumption factor,pressure,yes,0.646078,world_bank,https://api.worldbank.org/v2/country/EST/indicator/PA.NUS.PRVT.PP?format=json&mrv=30,"World Bank WDI: PPP conversion factor, private consumption (LCU per international $)",2024-12-31,as_of 2024-12-31,international,direct,auto_seed=world_bank_wdi; indicator=PA.NUS.PRVT.PP; observation_year=2024; dataset_lastupdated=2026-02-24; stale=no
Estonia,tax_rate_assumption,Tax rate assumption,pressure,yes,0.21329,world_bank,https://api.worldbank.org/v2/country/EST/indicator/GC.TAX.TOTL.GD.ZS?format=json&mrv=30,World Bank WDI: Tax revenue (% of GDP) used as interim country average tax-take proxy,2023-12-31,as_of 2023-12-31,international,approved_proxy,auto_seed=world_bank_wdi; proxy=country_average_tax_take_from_tax_revenue_share; indicator=GC.TAX.TOTL.GD.ZS; observation_year=2023; dataset_lastupdated=2026-02-24; stale=no
Fiji,civic_freedom_raw,Civic freedom and dignity (HRMI + Freedom House + V-Dem composite),community,yes,55,derived,https://rightstracker.org/,Civic Freedom Composite: 0.4 × HRMI Empowerment + 0.3 × Freedom House FIW + 0.3 × V-Dem Liberal Democracy Index (×100). Fiji composite = 55,2024-12-31,2024 annual,national,approved_proxy,
Fiji,gdp_growth,GDP growth,creative,yes,3.5309,world_bank,https://api.worldbank.org/v2/country/FJI/indicator/NY.GDP.MKTP.KD.ZG?format=json&mrv=30,World Bank WDI: GDP growth (annual %),2024-12-31,as_of 2024-12-31,international,direct,auto_seed=world_bank_wdi; indicator=NY.GDP.MKTP.KD.ZG; observation_year=2024; dataset_lastupdated=2026-02-24; stale=no
Fiji,gdp_growth_context,Economic growth momentum,pressure,no,3.53,derived,https://api.worldbank.org/v2/country/FJI/indicator/NY.GDP.MKTP.KD.ZG?format=json&mrv=30,World Bank WDI: GDP growth (annual %),2024-12-31,2024 annual,national,approved_proxy,
Fiji,gdp_per_capita_ppp,GDP per capita (PPP),creative,yes,15450.3,world_bank,https://api.worldbank.org/v2/country/FJI/indicator/NY.GDP.PCAP.PP.CD?format=json&mrv=30,"World Bank WDI: GDP per capita, PPP (current international $)",2024-12-31,as_of 2024-12-31,international,direct,auto_seed=world_bank_wdi; indicator=NY.GDP.PCAP.PP.CD; observation_year=2024; dataset_lastupdated=2026-02-24; stale=no
Fiji,gini_coefficient,Gini coefficient,capability,yes,30.7,world_bank,https://api.worldbank.org/v2/country/FJI/indicator/SI.POV.GINI?format=json&mrv=30,World Bank WDI: Gini index,2019-12-31,as_of 2019-12-31,international,direct,auto_seed=world_bank_wdi; indicator=SI.POV.GINI; observation_year=2019; dataset_lastupdated=2026-02-24; stale=no
Fiji,hanke_misery_raw,Macroeconomic stress (Hanke Misery Index),pressure,yes,26,national_statistical_office,https://fortune.com/2026/04/16/hanke-annual-misery-index-2025-venezuela-taiwan-rankings/,Hanke Annual Misery Index 2025 (estimated from IMF/WB/national-bank macroeconomic profile): Fiji ≈ 26,2025-12-31,2024 annual,national,approved_proxy,
Fiji,household_debt_proxy,Household debt proxy,pressure,yes,75.9993,world_bank,https://api.worldbank.org/v2/country/FJI/indicator/FD.AST.PRVT.GD.ZS?format=json&mrv=30,World Bank WDI: Domestic credit to private sector by banks (% of GDP) used as interim leverage proxy,2024-12-31,as_of 2024-12-31,international,approved_proxy,auto_seed=world_bank_wdi; proxy=broad_private_credit_not_household_only; indicator=FD.AST.PRVT.GD.ZS; observation_year=2024; dataset_lastupdated=2026-02-24; stale=no
Fiji,ppp_private_consumption,PPP private consumption factor,pressure,yes,0.910728,world_bank,https://api.worldbank.org/v2/country/FJI/indicator/PA.NUS.PRVT.PP?format=json&mrv=30,"World Bank WDI: PPP conversion factor, private consumption (LCU per international $)",2024-12-31,as_of 2024-12-31,international,direct,auto_seed=world_bank_wdi; indicator=PA.NUS.PRVT.PP; observation_year=2024; dataset_lastupdated=2026-02-24; stale=no
Fiji,tax_rate_assumption,Tax rate assumption,pressure,yes,0.20538,world_bank,https://api.worldbank.org/v2/country/FJI/indicator/GC.TAX.TOTL.GD.ZS?format=json&mrv=30,World Bank WDI: Tax revenue (% of GDP) used as interim country average tax-take proxy,2023-12-31,as_of 2023-12-31,international,approved_proxy,auto_seed=world_bank_wdi; proxy=country_average_tax_take_from_tax_revenue_share; indicator=GC.TAX.TOTL.GD.ZS; observation_year=2023; dataset_lastupdated=2026-02-24; stale=no
Finland,civic_freedom_raw,Civic freedom and dignity (HRMI + Freedom House + V-Dem composite),community,yes,90,derived,https://rightstracker.org/,Civic Freedom Composite: 0.4 × HRMI Empowerment + 0.3 × Freedom House FIW + 0.3 × V-Dem Liberal Democracy Index (×100). Finland composite = 90,2024-12-31,2024 annual,national,approved_proxy,
Finland,gdp_growth,GDP growth,creative,yes,0.4162,world_bank,https://api.worldbank.org/v2/country/FIN/indicator/NY.GDP.MKTP.KD.ZG?format=json&mrv=30,World Bank WDI: GDP growth (annual %),2024-12-31,as_of 2024-12-31,international,direct,auto_seed=world_bank_wdi; indicator=NY.GDP.MKTP.KD.ZG; observation_year=2024; dataset_lastupdated=2026-02-24; stale=no
Finland,gdp_growth_context,Economic growth momentum,pressure,no,0.42,derived,https://api.worldbank.org/v2/country/FIN/indicator/NY.GDP.MKTP.KD.ZG?format=json&mrv=30,World Bank WDI: GDP growth (annual %),2024-12-31,2024 annual,national,approved_proxy,
Finland,gdp_per_capita_ppp,GDP per capita (PPP),creative,yes,65378.38,world_bank,https://api.worldbank.org/v2/country/FIN/indicator/NY.GDP.PCAP.PP.CD?format=json&mrv=30,"World Bank WDI: GDP per capita, PPP (current international $)",2024-12-31,as_of 2024-12-31,international,direct,auto_seed=world_bank_wdi; indicator=NY.GDP.PCAP.PP.CD; observation_year=2024; dataset_lastupdated=2026-02-24; stale=no
Finland,gini_coefficient,Gini coefficient,capability,yes,27.4,world_bank,https://api.worldbank.org/v2/country/FIN/indicator/SI.POV.GINI?format=json&mrv=30,World Bank WDI: Gini index,2023-12-31,as_of 2023-12-31,international,direct,auto_seed=world_bank_wdi; indicator=SI.POV.GINI; observation_year=2023; dataset_lastupdated=2026-02-24; stale=no
Finland,hanke_misery_raw,Macroeconomic stress (Hanke Misery Index),pressure,yes,17,national_statistical_office,https://fortune.com/2026/04/16/hanke-annual-misery-index-2025-venezuela-taiwan-rankings/,Hanke Annual Misery Index 2025 (estimated from IMF/WB/national-bank macroeconomic profile): Finland ≈ 17,2025-12-31,2024 annual,national,approved_proxy,
Finland,hospitality_belonging_raw,Hospitality and belonging,community,yes,46,derived,https://pub.norden.org/,Finland 64% report having experienced loneliness or social exclusion (IF Insurance / NordForsk). Gallup overstates wellbeing by missing isolation,2024-12-31,2024 annual,national,approved_proxy,
Finland,household_debt_proxy,Household debt proxy,pressure,yes,90.8647,world_bank,https://api.worldbank.org/v2/country/FIN/indicator/FD.AST.PRVT.GD.ZS?format=json&mrv=30,World Bank WDI: Domestic credit to private sector by banks (% of GDP) used as interim leverage proxy,2024-12-31,as_of 2024-12-31,international,approved_proxy,auto_seed=world_bank_wdi; proxy=broad_private_credit_not_household_only; indicator=FD.AST.PRVT.GD.ZS; observation_year=2024; dataset_lastupdated=2026-02-24; stale=no
Finland,ppp_private_consumption,PPP private consumption factor,pressure,yes,0.788236,world_bank,https://api.worldbank.org/v2/country/FIN/indicator/PA.NUS.PRVT.PP?format=json&mrv=30,"World Bank WDI: PPP conversion factor, private consumption (LCU per international $)",2024-12-31,as_of 2024-12-31,international,direct,auto_seed=world_bank_wdi; indicator=PA.NUS.PRVT.PP; observation_year=2024; dataset_lastupdated=2026-02-24; stale=no
Finland,tax_rate_assumption,Tax rate assumption,pressure,yes,0.253757,world_bank,https://api.worldbank.org/v2/country/FIN/indicator/GC.TAX.TOTL.GD.ZS?format=json&mrv=30,World Bank WDI: Tax revenue (% of GDP) used as interim country average tax-take proxy,2023-12-31,as_of 2023-12-31,international,approved_proxy,auto_seed=world_bank_wdi; proxy=country_average_tax_take_from_tax_revenue_share; indicator=GC.TAX.TOTL.GD.ZS; observation_year=2023; dataset_lastupdated=2026-02-24; stale=no
France,administrative_investment_friction_raw,Administrative and investment friction,creative,yes,1.35,derived,https://api.worldbank.org/v2/country/FRA/indicator/RQ.EST?format=json&mrv=10,World Bank WGI: Regulatory Quality (inverted as friction proxy),2024-12-31,2024 annual,national,approved_proxy,
France,civic_freedom_raw,Civic freedom and dignity (HRMI + Freedom House + V-Dem composite),community,yes,79,derived,https://rightstracker.org/,Civic Freedom Composite: 0.4 × HRMI Empowerment + 0.3 × Freedom House FIW + 0.3 × V-Dem Liberal Democracy Index (×100). France composite = 79,2024-12-31,2024 annual,national,approved_proxy,
France,cultural_public_life_raw,"Cultural, historic, and public-life vitality",community,yes,1708.33,national_statistical_office,https://api.worldbank.org/v2/country/FRA/indicator/ST.INT.ARVL?format=json&mrv=10,World Bank WDI: International tourism arrivals per 1 000 population,2024-12-31,2024 annual,national,approved_proxy,
France,digital_infrastructure_raw,Digital infrastructure,viability,yes,48.67,derived,https://api.worldbank.org/v2/country/FRA/indicator/IT.NET.BBND.P2?format=json&mrv=10,World Bank WDI: Fixed broadband subscriptions (per 100 people),2024-12-31,2024 annual,national,approved_proxy,
France,entrepreneurial_dynamism_raw,Entrepreneurial dynamism,creative,yes,6.71,derived,https://api.worldbank.org/v2/country/FRA/indicator/IC.BUS.NDNS.ZS?format=json&mrv=10,"World Bank WDI: New business density (new registrations per 1,000 people ages 15-64)",2024-12-31,2024 annual,national,approved_proxy,
France,gdp_growth,GDP growth,creative,yes,1.1905,world_bank,https://api.worldbank.org/v2/country/FRA/indicator/NY.GDP.MKTP.KD.ZG?format=json&mrv=30,World Bank WDI: GDP growth (annual %),2024-12-31,as_of 2024-12-31,international,direct,auto_seed=world_bank_wdi; indicator=NY.GDP.MKTP.KD.ZG; observation_year=2024; dataset_lastupdated=2026-02-24; stale=no
France,gdp_growth_context,Economic growth momentum,pressure,no,1.19,derived,https://api.worldbank.org/v2/country/FRA/indicator/NY.GDP.MKTP.KD.ZG?format=json&mrv=30,World Bank WDI: GDP growth (annual %),2024-12-31,2024 annual,national,approved_proxy,
France,gdp_per_capita_ppp,GDP per capita (PPP),creative,yes,62556.92,world_bank,https://api.worldbank.org/v2/country/FRA/indicator/NY.GDP.PCAP.PP.CD?format=json&mrv=30,"World Bank WDI: GDP per capita, PPP (current international $)",2024-12-31,as_of 2024-12-31,international,direct,auto_seed=world_bank_wdi; indicator=NY.GDP.PCAP.PP.CD; observation_year=2024; dataset_lastupdated=2026-02-24; stale=no
France,gini_coefficient,Gini coefficient,capability,yes,31.8,world_bank,https://api.worldbank.org/v2/country/FRA/indicator/SI.POV.GINI?format=json&mrv=30,World Bank WDI: Gini index,2023-12-31,as_of 2023-12-31,international,direct,auto_seed=world_bank_wdi; indicator=SI.POV.GINI; observation_year=2023; dataset_lastupdated=2026-02-24; stale=no
France,hanke_misery_raw,Macroeconomic stress (Hanke Misery Index),pressure,yes,22,national_statistical_office,https://fortune.com/2026/04/16/hanke-annual-misery-index-2025-venezuela-taiwan-rankings/,Hanke Annual Misery Index 2025 (estimated from IMF/WB/national-bank macroeconomic profile): France ≈ 22,2025-12-31,2024 annual,national,approved_proxy,
France,hospitality_belonging_raw,Hospitality and belonging,community,yes,51.34,derived,https://api.worldbank.org/v2/country/FRA/indicator/SM.POP.NETM?format=json&mrv=10,World Bank WDI: Net migration (proxy for hospitality/belonging — positive = welcoming),2024-12-31,2024 annual,national,approved_proxy,
France,household_debt_proxy,Household debt proxy,pressure,yes,103.9081,world_bank,https://api.worldbank.org/v2/country/FRA/indicator/FD.AST.PRVT.GD.ZS?format=json&mrv=30,World Bank WDI: Domestic credit to private sector by banks (% of GDP) used as interim leverage proxy,2024-12-31,as_of 2024-12-31,international,approved_proxy,auto_seed=world_bank_wdi; proxy=broad_private_credit_not_household_only; indicator=FD.AST.PRVT.GD.ZS; observation_year=2024; dataset_lastupdated=2026-02-24; stale=no
France,personal_safety_raw,Personal safety,viability,yes,1.34,derived,https://api.worldbank.org/v2/country/FRA/indicator/VC.IHR.PSRC.P5?format=json&mrv=10,"UNODC via World Bank WDI: Intentional homicides (per 100,000 people)",2024-12-31,2024 annual,national,approved_proxy,
France,ppp_private_consumption,PPP private consumption factor,pressure,yes,0.716934,world_bank,https://api.worldbank.org/v2/country/FRA/indicator/PA.NUS.PRVT.PP?format=json&mrv=30,"World Bank WDI: PPP conversion factor, private consumption (LCU per international $)",2024-12-31,as_of 2024-12-31,international,direct,auto_seed=world_bank_wdi; indicator=PA.NUS.PRVT.PP; observation_year=2024; dataset_lastupdated=2026-02-24; stale=no
France,tax_rate_assumption,Tax rate assumption,pressure,yes,0.23077,world_bank,https://api.worldbank.org/v2/country/FRA/indicator/GC.TAX.TOTL.GD.ZS?format=json&mrv=30,World Bank WDI: Tax revenue (% of GDP) used as interim country average tax-take proxy,2023-12-31,as_of 2023-12-31,international,approved_proxy,auto_seed=world_bank_wdi; proxy=country_average_tax_take_from_tax_revenue_share; indicator=GC.TAX.TOTL.GD.ZS; observation_year=2023; dataset_lastupdated=2026-02-24; stale=no
Georgia,civic_freedom_raw,Civic freedom and dignity (HRMI + Freedom House + V-Dem composite),community,yes,55,derived,https://rightstracker.org/,Civic Freedom Composite: 0.4 × HRMI Empowerment + 0.3 × Freedom House FIW + 0.3 × V-Dem Liberal Democracy Index (×100). Georgia composite = 55,2024-12-31,2024 annual,national,approved_proxy,
Georgia,gdp_growth,GDP growth,creative,yes,,,,,,,,,
Georgia,gdp_per_capita_ppp,GDP per capita (PPP),creative,yes,,,,,,,,,
Georgia,gini_coefficient,Gini coefficient,capability,yes,,,,,,,,,
Georgia,hanke_misery_raw,Macroeconomic stress (Hanke Misery Index),pressure,yes,25,national_statistical_office,https://fortune.com/2026/04/16/hanke-annual-misery-index-2025-venezuela-taiwan-rankings/,Hanke Annual Misery Index 2025 (estimated from IMF/WB/national-bank macroeconomic profile): Georgia ≈ 25,2025-12-31,2024 annual,national,approved_proxy,
Georgia,household_debt_proxy,Household debt proxy,pressure,yes,,,,,,,,,
Georgia,ppp_private_consumption,PPP private consumption factor,pressure,yes,,,,,,,,,
Georgia,tax_rate_assumption,Tax rate assumption,pressure,yes,,,,,,,,,
Germany,civic_freedom_raw,Civic freedom and dignity (HRMI + Freedom House + V-Dem composite),community,yes,86,derived,https://rightstracker.org/,Civic Freedom Composite: 0.4 × HRMI Empowerment + 0.3 × Freedom House FIW + 0.3 × V-Dem Liberal Democracy Index (×100). Germany composite = 86,2024-12-31,2024 annual,national,approved_proxy,
Germany,gdp_growth,GDP growth,creative,yes,,,,,,,,,
Germany,gdp_per_capita_ppp,GDP per capita (PPP),creative,yes,,,,,,,,,
Germany,gini_coefficient,Gini coefficient,capability,yes,,,,,,,,,
Germany,hanke_misery_raw,Macroeconomic stress (Hanke Misery Index),pressure,yes,17,national_statistical_office,https://fortune.com/2026/04/16/hanke-annual-misery-index-2025-venezuela-taiwan-rankings/,Hanke Annual Misery Index 2025 (estimated from IMF/WB/national-bank macroeconomic profile): Germany ≈ 17,2025-12-31,2024 annual,national,approved_proxy,
Germany,household_debt_proxy,Household debt proxy,pressure,yes,,,,,,,,,
Germany,ppp_private_consumption,PPP private consumption factor,pressure,yes,,,,,,,,,
Germany,tax_rate_assumption,Tax rate assumption,pressure,yes,,,,,,,,,
Ghana,administrative_investment_friction_raw,Administrative and investment friction,creative,yes,2.68,derived,https://api.worldbank.org/v2/country/GHA/indicator/RQ.EST?format=json&mrv=10,World Bank WGI: Regulatory Quality (inverted as friction proxy),2024-12-31,2024 annual,national,approved_proxy,
Ghana,civic_freedom_raw,Civic freedom and dignity (HRMI + Freedom House + V-Dem composite),community,yes,63,derived,https://rightstracker.org/,Civic Freedom Composite: 0.4 × HRMI Empowerment + 0.3 × Freedom House FIW + 0.3 × V-Dem Liberal Democracy Index (×100). Ghana composite = 63,2024-12-31,2024 annual,national,approved_proxy,
Ghana,cultural_public_life_raw,"Cultural, historic, and public-life vitality",community,yes,34.64,derived,https://api.worldbank.org/v2/country/GHA/indicator/SP.POP.DPND?format=json&mrv=10,"World Bank WDI: Age dependency ratio (% of working-age population), inverted as social vitality proxy",2024-12-31,2024 annual,national,approved_proxy,
Ghana,digital_infrastructure_raw,Digital infrastructure,viability,yes,0.56,derived,https://api.worldbank.org/v2/country/GHA/indicator/IT.NET.BBND.P2?format=json&mrv=10,World Bank WDI: Fixed broadband subscriptions (per 100 people),2024-12-31,2024 annual,national,approved_proxy,
Ghana,entrepreneurial_dynamism_raw,Entrepreneurial dynamism,creative,yes,1.32,derived,https://api.worldbank.org/v2/country/GHA/indicator/IC.BUS.NDNS.ZS?format=json&mrv=10,"World Bank WDI: New business density (new registrations per 1,000 people ages 15-64)",2024-12-31,2024 annual,national,approved_proxy,
Ghana,gdp_growth,GDP growth,creative,yes,5.5905,world_bank,https://api.worldbank.org/v2/country/GHA/indicator/NY.GDP.MKTP.KD.ZG?format=json&mrv=30,World Bank WDI: GDP growth (annual %),2024-12-31,as_of 2024-12-31,international,direct,auto_seed=world_bank_wdi; indicator=NY.GDP.MKTP.KD.ZG; observation_year=2024; dataset_lastupdated=2026-02-24; stale=no
Ghana,gdp_growth_context,Economic growth momentum,pressure,no,5.59,derived,https://api.worldbank.org/v2/country/GHA/indicator/NY.GDP.MKTP.KD.ZG?format=json&mrv=30,World Bank WDI: GDP growth (annual %),2024-12-31,2024 annual,national,approved_proxy,
Ghana,gdp_per_capita_ppp,GDP per capita (PPP),creative,yes,8020,world_bank,https://api.worldbank.org/v2/country/GHA/indicator/NY.GDP.PCAP.PP.CD?format=json&mrv=30,"World Bank WDI: GDP per capita, PPP (current international $)",2024-12-31,as_of 2024-12-31,international,direct,auto_seed=world_bank_wdi; indicator=NY.GDP.PCAP.PP.CD; observation_year=2024; dataset_lastupdated=2026-02-24; stale=no
Ghana,gini_coefficient,Gini coefficient,capability,yes,43.5,world_bank,https://api.worldbank.org/v2/country/GHA/indicator/SI.POV.GINI?format=json&mrv=30,World Bank WDI: Gini index,2016-12-31,as_of 2016-12-31,international,direct,auto_seed=world_bank_wdi; indicator=SI.POV.GINI; observation_year=2016; dataset_lastupdated=2026-02-24; stale=yes
Ghana,hanke_misery_raw,Macroeconomic stress (Hanke Misery Index),pressure,yes,35,national_statistical_office,https://fortune.com/2026/04/16/hanke-annual-misery-index-2025-venezuela-taiwan-rankings/,Hanke Annual Misery Index 2025 (estimated from IMF/WB/national-bank macroeconomic profile): Ghana ≈ 35,2025-12-31,2024 annual,national,approved_proxy,
Ghana,hospitality_belonging_raw,Hospitality and belonging,community,yes,49.5,derived,https://api.worldbank.org/v2/country/GHA/indicator/SM.POP.NETM?format=json&mrv=10,World Bank WDI: Net migration (proxy for hospitality/belonging — positive = welcoming),2024-12-31,2024 annual,national,approved_proxy,
Ghana,household_debt_proxy,Household debt proxy,pressure,yes,8.6512,world_bank,https://api.worldbank.org/v2/country/GHA/indicator/FD.AST.PRVT.GD.ZS?format=json&mrv=30,World Bank WDI: Domestic credit to private sector by banks (% of GDP) used as interim leverage proxy,2023-12-31,as_of 2023-12-31,international,approved_proxy,auto_seed=world_bank_wdi; proxy=broad_private_credit_not_household_only; indicator=FD.AST.PRVT.GD.ZS; observation_year=2023; dataset_lastupdated=2026-02-24; stale=no
Ghana,personal_safety_raw,Personal safety,viability,yes,1.83,derived,https://api.worldbank.org/v2/country/GHA/indicator/VC.IHR.PSRC.P5?format=json&mrv=10,"UNODC via World Bank WDI: Intentional homicides (per 100,000 people)",2024-12-31,2024 annual,national,approved_proxy,
Ghana,ppp_private_consumption,PPP private consumption factor,pressure,yes,4.721006,world_bank,https://api.worldbank.org/v2/country/GHA/indicator/PA.NUS.PRVT.PP?format=json&mrv=30,"World Bank WDI: PPP conversion factor, private consumption (LCU per international $)",2024-12-31,as_of 2024-12-31,international,direct,auto_seed=world_bank_wdi; indicator=PA.NUS.PRVT.PP; observation_year=2024; dataset_lastupdated=2026-02-24; stale=no
Ghana,tax_rate_assumption,Tax rate assumption,pressure,yes,0.122975,world_bank,https://api.worldbank.org/v2/country/GHA/indicator/GC.TAX.TOTL.GD.ZS?format=json&mrv=30,World Bank WDI: Tax revenue (% of GDP) used as interim country average tax-take proxy,2022-12-31,as_of 2022-12-31,international,approved_proxy,auto_seed=world_bank_wdi; proxy=country_average_tax_take_from_tax_revenue_share; indicator=GC.TAX.TOTL.GD.ZS; observation_year=2022; dataset_lastupdated=2026-02-24; stale=no
Hungary,civic_freedom_raw,Civic freedom and dignity (HRMI + Freedom House + V-Dem composite),community,yes,60,derived,https://rightstracker.org/,Civic Freedom Composite: 0.4 × HRMI Empowerment + 0.3 × Freedom House FIW + 0.3 × V-Dem Liberal Democracy Index (×100). Hungary composite = 60,2024-12-31,2024 annual,national,approved_proxy,
Hungary,gdp_growth,GDP growth,creative,yes,0.5601,world_bank,https://api.worldbank.org/v2/country/HUN/indicator/NY.GDP.MKTP.KD.ZG?format=json&mrv=30,World Bank WDI: GDP growth (annual %),2024-12-31,as_of 2024-12-31,international,direct,auto_seed=world_bank_wdi; indicator=NY.GDP.MKTP.KD.ZG; observation_year=2024; dataset_lastupdated=2026-02-24; stale=no
Hungary,gdp_growth_context,Economic growth momentum,pressure,no,0.56,derived,https://api.worldbank.org/v2/country/HUN/indicator/NY.GDP.MKTP.KD.ZG?format=json&mrv=30,World Bank WDI: GDP growth (annual %),2024-12-31,2024 annual,national,approved_proxy,
Hungary,gdp_per_capita_ppp,GDP per capita (PPP),creative,yes,48552.47,world_bank,https://api.worldbank.org/v2/country/HUN/indicator/NY.GDP.PCAP.PP.CD?format=json&mrv=30,"World Bank WDI: GDP per capita, PPP (current international $)",2024-12-31,as_of 2024-12-31,international,direct,auto_seed=world_bank_wdi; indicator=NY.GDP.PCAP.PP.CD; observation_year=2024; dataset_lastupdated=2026-02-24; stale=no
Hungary,gini_coefficient,Gini coefficient,capability,yes,30.6,world_bank,https://api.worldbank.org/v2/country/HUN/indicator/SI.POV.GINI?format=json&mrv=30,World Bank WDI: Gini index,2017-12-31,as_of 2017-12-31,international,direct,auto_seed=world_bank_wdi; indicator=SI.POV.GINI; observation_year=2017; dataset_lastupdated=2026-02-24; stale=yes
Hungary,hanke_misery_raw,Macroeconomic stress (Hanke Misery Index),pressure,yes,22,national_statistical_office,https://fortune.com/2026/04/16/hanke-annual-misery-index-2025-venezuela-taiwan-rankings/,Hanke Annual Misery Index 2025 (estimated from IMF/WB/national-bank macroeconomic profile): Hungary ≈ 22,2025-12-31,2024 annual,national,approved_proxy,
Hungary,household_debt_proxy,Household debt proxy,pressure,yes,32.1191,world_bank,https://api.worldbank.org/v2/country/HUN/indicator/FD.AST.PRVT.GD.ZS?format=json&mrv=30,World Bank WDI: Domestic credit to private sector by banks (% of GDP) used as interim leverage proxy,2024-12-31,as_of 2024-12-31,international,approved_proxy,auto_seed=world_bank_wdi; proxy=broad_private_credit_not_household_only; indicator=FD.AST.PRVT.GD.ZS; observation_year=2024; dataset_lastupdated=2026-02-24; stale=no
Hungary,ppp_private_consumption,PPP private consumption factor,pressure,yes,189.314181,world_bank,https://api.worldbank.org/v2/country/HUN/indicator/PA.NUS.PRVT.PP?format=json&mrv=30,"World Bank WDI: PPP conversion factor, private consumption (LCU per international $)",2024-12-31,as_of 2024-12-31,international,direct,auto_seed=world_bank_wdi; indicator=PA.NUS.PRVT.PP; observation_year=2024; dataset_lastupdated=2026-02-24; stale=no
Hungary,tax_rate_assumption,Tax rate assumption,pressure,yes,0.234286,world_bank,https://api.worldbank.org/v2/country/HUN/indicator/GC.TAX.TOTL.GD.ZS?format=json&mrv=30,World Bank WDI: Tax revenue (% of GDP) used as interim country average tax-take proxy,2022-12-31,as_of 2022-12-31,international,approved_proxy,auto_seed=world_bank_wdi; proxy=country_average_tax_take_from_tax_revenue_share; indicator=GC.TAX.TOTL.GD.ZS; observation_year=2022; dataset_lastupdated=2026-02-24; stale=no
India,administrative_investment_friction_raw,Administrative and investment friction,creative,yes,2.64,derived,https://api.worldbank.org/v2/country/IND/indicator/RQ.EST?format=json&mrv=10,World Bank WGI: Regulatory Quality (inverted as friction proxy),2024-12-31,2024 annual,national,approved_proxy,
India,civic_freedom_raw,Civic freedom and dignity (HRMI + Freedom House + V-Dem composite),community,yes,52,derived,https://rightstracker.org/,Civic Freedom Composite: 0.4 × HRMI Empowerment + 0.3 × Freedom House FIW + 0.3 × V-Dem Liberal Democracy Index (×100). India composite = 52,2024-12-31,2024 annual,national,approved_proxy,
India,digital_infrastructure_raw,Digital infrastructure,viability,yes,2.75,derived,https://api.worldbank.org/v2/country/IND/indicator/IT.NET.BBND.P2?format=json&mrv=10,World Bank WDI: Fixed broadband subscriptions (per 100 people),2024-12-31,2024 annual,national,approved_proxy,
India,entrepreneurial_dynamism_raw,Entrepreneurial dynamism,creative,yes,0.18,derived,https://api.worldbank.org/v2/country/IND/indicator/IC.BUS.NDNS.ZS?format=json&mrv=10,"World Bank WDI: New business density (new registrations per 1,000 people ages 15-64)",2024-12-31,2024 annual,national,approved_proxy,
India,gdp_growth,GDP growth,creative,yes,6.4948,world_bank,https://api.worldbank.org/v2/country/IND/indicator/NY.GDP.MKTP.KD.ZG?format=json&mrv=30,World Bank WDI: GDP growth (annual %),2024-12-31,as_of 2024-12-31,international,direct,auto_seed=world_bank_wdi; indicator=NY.GDP.MKTP.KD.ZG; observation_year=2024; dataset_lastupdated=2026-02-24; stale=no
India,gdp_growth_context,Economic growth momentum,pressure,no,6.49,derived,https://api.worldbank.org/v2/country/IND/indicator/NY.GDP.MKTP.KD.ZG?format=json&mrv=30,World Bank WDI: GDP growth (annual %),2024-12-31,2024 annual,national,approved_proxy,
India,gdp_per_capita_ppp,GDP per capita (PPP),creative,yes,11159.99,world_bank,https://api.worldbank.org/v2/country/IND/indicator/NY.GDP.PCAP.PP.CD?format=json&mrv=30,"World Bank WDI: GDP per capita, PPP (current international $)",2024-12-31,as_of 2024-12-31,international,direct,auto_seed=world_bank_wdi; indicator=NY.GDP.PCAP.PP.CD; observation_year=2024; dataset_lastupdated=2026-02-24; stale=no
India,gini_coefficient,Gini coefficient,capability,yes,25.5,world_bank,https://api.worldbank.org/v2/country/IND/indicator/SI.POV.GINI?format=json&mrv=30,World Bank WDI: Gini index,2022-12-31,as_of 2022-12-31,international,direct,auto_seed=world_bank_wdi; indicator=SI.POV.GINI; observation_year=2022; dataset_lastupdated=2026-02-24; stale=no
India,hanke_misery_raw,Macroeconomic stress (Hanke Misery Index),pressure,yes,18.5,national_statistical_office,https://fortune.com/2026/04/16/hanke-annual-misery-index-2025-venezuela-taiwan-rankings/,Hanke Annual Misery Index 2025 (estimated from IMF/WB/national-bank macroeconomic profile): India ≈ 18.5,2025-12-31,2024 annual,national,approved_proxy,
India,hospitality_belonging_raw,Hospitality and belonging,community,yes,49.66,derived,https://api.worldbank.org/v2/country/IND/indicator/SM.POP.NETM?format=json&mrv=10,World Bank WDI: Net migration (proxy for hospitality/belonging — positive = welcoming),2024-12-31,2024 annual,national,approved_proxy,
India,household_debt_proxy,Household debt proxy,pressure,yes,50.1422,world_bank,https://api.worldbank.org/v2/country/IND/indicator/FD.AST.PRVT.GD.ZS?format=json&mrv=30,World Bank WDI: Domestic credit to private sector by banks (% of GDP) used as interim leverage proxy,2021-12-31,as_of 2021-12-31,international,approved_proxy,auto_seed=world_bank_wdi; proxy=broad_private_credit_not_household_only; indicator=FD.AST.PRVT.GD.ZS; observation_year=2021; dataset_lastupdated=2026-02-24; stale=no
India,personal_safety_raw,Personal safety,viability,yes,2.82,derived,https://api.worldbank.org/v2/country/IND/indicator/VC.IHR.PSRC.P5?format=json&mrv=10,"UNODC via World Bank WDI: Intentional homicides (per 100,000 people)",2024-12-31,2024 annual,national,approved_proxy,
India,ppp_private_consumption,PPP private consumption factor,pressure,yes,19.896916,world_bank,https://api.worldbank.org/v2/country/IND/indicator/PA.NUS.PRVT.PP?format=json&mrv=30,"World Bank WDI: PPP conversion factor, private consumption (LCU per international $)",2024-12-31,as_of 2024-12-31,international,direct,auto_seed=world_bank_wdi; indicator=PA.NUS.PRVT.PP; observation_year=2024; dataset_lastupdated=2026-02-24; stale=no
India,tax_rate_assumption,Tax rate assumption,pressure,yes,0.067344,world_bank,https://api.worldbank.org/v2/country/IND/indicator/GC.TAX.TOTL.GD.ZS?format=json&mrv=30,World Bank WDI: Tax revenue (% of GDP) used as interim country average tax-take proxy,2022-12-31,as_of 2022-12-31,international,approved_proxy,auto_seed=world_bank_wdi; proxy=country_average_tax_take_from_tax_revenue_share; indicator=GC.TAX.TOTL.GD.ZS; observation_year=2022; dataset_lastupdated=2026-02-24; stale=no
Indonesia,administrative_investment_friction_raw,Administrative and investment friction,creative,yes,2.2,derived,https://api.worldbank.org/v2/country/IDN/indicator/RQ.EST?format=json&mrv=10,World Bank WGI: Regulatory Quality (inverted as friction proxy),2024-12-31,2024 annual,national,approved_proxy,
Indonesia,civic_freedom_raw,Civic freedom and dignity (HRMI + Freedom House + V-Dem composite),community,yes,50,derived,https://rightstracker.org/,Civic Freedom Composite: 0.4 × HRMI Empowerment + 0.3 × Freedom House FIW + 0.3 × V-Dem Liberal Democracy Index (×100). Indonesia composite = 50,2024-12-31,2024 annual,national,approved_proxy,
Indonesia,cultural_public_life_raw,"Cultural, historic, and public-life vitality",community,yes,14.3,national_statistical_office,https://api.worldbank.org/v2/country/IDN/indicator/ST.INT.ARVL?format=json&mrv=10,World Bank WDI: International tourism arrivals per 1 000 population,2024-12-31,2024 annual,national,approved_proxy,
Indonesia,digital_infrastructure_raw,Digital infrastructure,viability,yes,4.82,derived,https://api.worldbank.org/v2/country/IDN/indicator/IT.NET.BBND.P2?format=json&mrv=10,World Bank WDI: Fixed broadband subscriptions (per 100 people),2024-12-31,2024 annual,national,approved_proxy,
Indonesia,entrepreneurial_dynamism_raw,Entrepreneurial dynamism,creative,yes,0.33,derived,https://api.worldbank.org/v2/country/IDN/indicator/IC.BUS.NDNS.ZS?format=json&mrv=10,"World Bank WDI: New business density (new registrations per 1,000 people ages 15-64)",2024-12-31,2024 annual,national,approved_proxy,
Indonesia,gdp_growth,GDP growth,creative,yes,5.0303,world_bank,https://api.worldbank.org/v2/country/IDN/indicator/NY.GDP.MKTP.KD.ZG?format=json&mrv=30,World Bank WDI: GDP growth (annual %),2024-12-31,as_of 2024-12-31,international,direct,auto_seed=world_bank_wdi; indicator=NY.GDP.MKTP.KD.ZG; observation_year=2024; dataset_lastupdated=2026-02-24; stale=no
Indonesia,gdp_growth_context,Economic growth momentum,pressure,no,5.03,derived,https://api.worldbank.org/v2/country/IDN/indicator/NY.GDP.MKTP.KD.ZG?format=json&mrv=30,World Bank WDI: GDP growth (annual %),2024-12-31,2024 annual,national,approved_proxy,
Indonesia,gdp_per_capita_ppp,GDP per capita (PPP),creative,yes,16448.28,world_bank,https://api.worldbank.org/v2/country/IDN/indicator/NY.GDP.PCAP.PP.CD?format=json&mrv=30,"World Bank WDI: GDP per capita, PPP (current international $)",2024-12-31,as_of 2024-12-31,international,direct,auto_seed=world_bank_wdi; indicator=NY.GDP.PCAP.PP.CD; observation_year=2024; dataset_lastupdated=2026-02-24; stale=no
Indonesia,gini_coefficient,Gini coefficient,capability,yes,34.9,world_bank,https://api.worldbank.org/v2/country/IDN/indicator/SI.POV.GINI?format=json&mrv=30,World Bank WDI: Gini index,2024-12-31,as_of 2024-12-31,international,direct,auto_seed=world_bank_wdi; indicator=SI.POV.GINI; observation_year=2024; dataset_lastupdated=2026-02-24; stale=no
Indonesia,hanke_misery_raw,Macroeconomic stress (Hanke Misery Index),pressure,yes,17,national_statistical_office,https://fortune.com/2026/04/16/hanke-annual-misery-index-2025-venezuela-taiwan-rankings/,Hanke Annual Misery Index 2025 (estimated from IMF/WB/national-bank macroeconomic profile): Indonesia ≈ 17,2025-12-31,2024 annual,national,approved_proxy,
Indonesia,hospitality_belonging_raw,Hospitality and belonging,community,yes,49.86,derived,https://api.worldbank.org/v2/country/IDN/indicator/SM.POP.NETM?format=json&mrv=10,World Bank WDI: Net migration (proxy for hospitality/belonging — positive = welcoming),2024-12-31,2024 annual,national,approved_proxy,
Indonesia,household_debt_proxy,Household debt proxy,pressure,yes,31.7861,world_bank,https://api.worldbank.org/v2/country/IDN/indicator/FD.AST.PRVT.GD.ZS?format=json&mrv=30,World Bank WDI: Domestic credit to private sector by banks (% of GDP) used as interim leverage proxy,2024-12-31,as_of 2024-12-31,international,approved_proxy,auto_seed=world_bank_wdi; proxy=broad_private_credit_not_household_only; indicator=FD.AST.PRVT.GD.ZS; observation_year=2024; dataset_lastupdated=2026-02-24; stale=no
Indonesia,personal_safety_raw,Personal safety,viability,yes,0.3,derived,https://api.worldbank.org/v2/country/IDN/indicator/VC.IHR.PSRC.P5?format=json&mrv=10,"UNODC via World Bank WDI: Intentional homicides (per 100,000 people)",2024-12-31,2024 annual,national,approved_proxy,
Indonesia,ppp_private_consumption,PPP private consumption factor,pressure,yes,5104.98432,world_bank,https://api.worldbank.org/v2/country/IDN/indicator/PA.NUS.PRVT.PP?format=json&mrv=30,"World Bank WDI: PPP conversion factor, private consumption (LCU per international $)",2024-12-31,as_of 2024-12-31,international,direct,auto_seed=world_bank_wdi; indicator=PA.NUS.PRVT.PP; observation_year=2024; dataset_lastupdated=2026-02-24; stale=no
Indonesia,tax_rate_assumption,Tax rate assumption,pressure,yes,0.110578,world_bank,https://api.worldbank.org/v2/country/IDN/indicator/GC.TAX.TOTL.GD.ZS?format=json&mrv=30,World Bank WDI: Tax revenue (% of GDP) used as interim country average tax-take proxy,2009-12-31,as_of 2009-12-31,international,approved_proxy,auto_seed=world_bank_wdi; proxy=country_average_tax_take_from_tax_revenue_share; indicator=GC.TAX.TOTL.GD.ZS; observation_year=2009; dataset_lastupdated=2026-02-24; stale=yes
Ireland,civic_freedom_raw,Civic freedom and dignity (HRMI + Freedom House + V-Dem composite),community,yes,88,derived,https://rightstracker.org/,Civic Freedom Composite: 0.4 × HRMI Empowerment + 0.3 × Freedom House FIW + 0.3 × V-Dem Liberal Democracy Index (×100). Ireland composite = 88,2024-12-31,2024 annual,national,approved_proxy,
Ireland,gdp_growth,GDP growth,creative,yes,,,,,,,,,
Ireland,gdp_per_capita_ppp,GDP per capita (PPP),creative,yes,,,,,,,,,
Ireland,gini_coefficient,Gini coefficient,capability,yes,,,,,,,,,
Ireland,hanke_misery_raw,Macroeconomic stress (Hanke Misery Index),pressure,yes,5.35,derived,https://fortune.com/2026/04/16/hanke-annual-misery-index-2025-venezuela-taiwan-rankings/,Hanke Annual Misery Index 2025 (published): Ireland score 5.35,2025-12-31,2024 annual,national,approved_proxy,
Ireland,household_debt_proxy,Household debt proxy,pressure,yes,,,,,,,,,
Ireland,ppp_private_consumption,PPP private consumption factor,pressure,yes,,,,,,,,,
Ireland,tax_rate_assumption,Tax rate assumption,pressure,yes,,,,,,,,,
Israel,administrative_investment_friction_raw,Administrative and investment friction,creative,yes,1.38,derived,https://api.worldbank.org/v2/country/ISR/indicator/RQ.EST?format=json&mrv=10,World Bank WGI: Regulatory Quality (inverted as friction proxy),2024-12-31,2024 annual,national,approved_proxy,
Israel,civic_freedom_raw,Civic freedom and dignity (HRMI + Freedom House + V-Dem composite),community,yes,66,derived,https://rightstracker.org/,Civic Freedom Composite: 0.4 × HRMI Empowerment + 0.3 × Freedom House FIW + 0.3 × V-Dem Liberal Democracy Index (×100). Israel composite = 66,2024-12-31,2024 annual,national,approved_proxy,
Israel,cultural_public_life_raw,"Cultural, historic, and public-life vitality",community,yes,491.76,national_statistical_office,https://api.worldbank.org/v2/country/ISR/indicator/ST.INT.ARVL?format=json&mrv=10,World Bank WDI: International tourism arrivals per 1 000 population,2024-12-31,2024 annual,national,approved_proxy,
Israel,digital_infrastructure_raw,Digital infrastructure,viability,yes,29.44,derived,https://api.worldbank.org/v2/country/ISR/indicator/IT.NET.BBND.P2?format=json&mrv=10,World Bank WDI: Fixed broadband subscriptions (per 100 people),2024-12-31,2024 annual,national,approved_proxy,
Israel,entrepreneurial_dynamism_raw,Entrepreneurial dynamism,creative,yes,3.06,derived,https://api.worldbank.org/v2/country/ISR/indicator/IC.BUS.NDNS.ZS?format=json&mrv=10,"World Bank WDI: New business density (new registrations per 1,000 people ages 15-64)",2024-12-31,2024 annual,national,approved_proxy,
Israel,gdp_growth,GDP growth,creative,yes,0.872,world_bank,https://api.worldbank.org/v2/country/ISR/indicator/NY.GDP.MKTP.KD.ZG?format=json&mrv=30,World Bank WDI: GDP growth (annual %),2024-12-31,as_of 2024-12-31,international,direct,auto_seed=world_bank_wdi; indicator=NY.GDP.MKTP.KD.ZG; observation_year=2024; dataset_lastupdated=2026-02-24; stale=no
Israel,gdp_growth_context,Economic growth momentum,pressure,no,0.87,derived,https://api.worldbank.org/v2/country/ISR/indicator/NY.GDP.MKTP.KD.ZG?format=json&mrv=30,World Bank WDI: GDP growth (annual %),2024-12-31,2024 annual,national,approved_proxy,
Israel,gdp_per_capita_ppp,GDP per capita (PPP),creative,yes,57235.78,world_bank,https://api.worldbank.org/v2/country/ISR/indicator/NY.GDP.PCAP.PP.CD?format=json&mrv=30,"World Bank WDI: GDP per capita, PPP (current international $)",2024-12-31,as_of 2024-12-31,international,direct,auto_seed=world_bank_wdi; indicator=NY.GDP.PCAP.PP.CD; observation_year=2024; dataset_lastupdated=2026-02-24; stale=no
Israel,gini_coefficient,Gini coefficient,capability,yes,37.9,world_bank,https://api.worldbank.org/v2/country/ISR/indicator/SI.POV.GINI?format=json&mrv=30,World Bank WDI: Gini index,2021-12-31,as_of 2021-12-31,international,direct,auto_seed=world_bank_wdi; indicator=SI.POV.GINI; observation_year=2021; dataset_lastupdated=2026-02-24; stale=no
Israel,hanke_misery_raw,Macroeconomic stress (Hanke Misery Index),pressure,yes,18,national_statistical_office,https://fortune.com/2026/04/16/hanke-annual-misery-index-2025-venezuela-taiwan-rankings/,Hanke Annual Misery Index 2025 (estimated from IMF/WB/national-bank macroeconomic profile): Israel ≈ 18,2025-12-31,2024 annual,national,approved_proxy,
Israel,hospitality_belonging_raw,Hospitality and belonging,community,yes,51.15,derived,https://api.worldbank.org/v2/country/ISR/indicator/SM.POP.NETM?format=json&mrv=10,World Bank WDI: Net migration (proxy for hospitality/belonging — positive = welcoming),2024-12-31,2024 annual,national,approved_proxy,
Israel,household_debt_proxy,Household debt proxy,pressure,yes,69.7497,world_bank,https://api.worldbank.org/v2/country/ISR/indicator/FD.AST.PRVT.GD.ZS?format=json&mrv=30,World Bank WDI: Domestic credit to private sector by banks (% of GDP) used as interim leverage proxy,2024-12-31,as_of 2024-12-31,international,approved_proxy,auto_seed=world_bank_wdi; proxy=broad_private_credit_not_household_only; indicator=FD.AST.PRVT.GD.ZS; observation_year=2024; dataset_lastupdated=2026-02-24; stale=no
Israel,ppp_private_consumption,PPP private consumption factor,pressure,yes,3.607983,world_bank,https://api.worldbank.org/v2/country/ISR/indicator/PA.NUS.PRVT.PP?format=json&mrv=30,"World Bank WDI: PPP conversion factor, private consumption (LCU per international $)",2024-12-31,as_of 2024-12-31,international,direct,auto_seed=world_bank_wdi; indicator=PA.NUS.PRVT.PP; observation_year=2024; dataset_lastupdated=2026-02-24; stale=no
Israel,tax_rate_assumption,Tax rate assumption,pressure,yes,0.221364,world_bank,https://api.worldbank.org/v2/country/ISR/indicator/GC.TAX.TOTL.GD.ZS?format=json&mrv=30,World Bank WDI: Tax revenue (% of GDP) used as interim country average tax-take proxy,2023-12-31,as_of 2023-12-31,international,approved_proxy,auto_seed=world_bank_wdi; proxy=country_average_tax_take_from_tax_revenue_share; indicator=GC.TAX.TOTL.GD.ZS; observation_year=2023; dataset_lastupdated=2026-02-24; stale=no
Italy,administrative_investment_friction_raw,Administrative and investment friction,creative,yes,0.8,derived,https://api.worldbank.org/v2/country/ITA/indicator/RQ.EST?format=json&mrv=10,World Bank WGI: Regulatory Quality (inverted as friction proxy),2024-12-31,2024 annual,national,approved_proxy,
Italy,birth_rate_optimism_raw,Birth-rate optimism,community,no,1.25,derived,https://data.worldbank.org/indicator/SP.DYN.TFRT.IN,World Bank Total Fertility Rate 2023,2023-12-31,2024 annual,national,approved_proxy,
Italy,civic_freedom_raw,Civic freedom and dignity (HRMI + Freedom House + V-Dem composite),community,yes,77,derived,https://rightstracker.org/,Civic Freedom Composite: 0.4 × HRMI Empowerment + 0.3 × Freedom House FIW + 0.3 × V-Dem Liberal Democracy Index (×100). Italy composite = 77,2024-12-31,2024 annual,national,approved_proxy,
Italy,cultural_public_life_raw,"Cultural, historic, and public-life vitality",community,yes,1993.45,national_statistical_office,https://api.worldbank.org/v2/country/ITA/indicator/ST.INT.ARVL?format=json&mrv=10,UNESCO World Heritage + City of Venice tourism data: ~30M visitors on 260k residents — clamped at top-of-scale but with tourist-squeeze community penalty elsewhere,2024-12-31,2024 annual,national,approved_proxy,
Italy,digital_infrastructure_raw,Digital infrastructure,viability,yes,31.2,derived,https://api.worldbank.org/v2/country/ITA/indicator/IT.NET.BBND.P2?format=json&mrv=10,World Bank WDI: Fixed broadband subscriptions (per 100 people),2024-12-31,2024 annual,national,approved_proxy,
Italy,entrepreneurial_dynamism_raw,Entrepreneurial dynamism,creative,yes,2.37,derived,https://api.worldbank.org/v2/country/ITA/indicator/IC.BUS.NDNS.ZS?format=json&mrv=10,"World Bank WDI: New business density (new registrations per 1,000 people ages 15-64)",2024-12-31,2024 annual,national,approved_proxy,
Italy,gdp_growth,GDP growth,creative,yes,0.6927,world_bank,https://api.worldbank.org/v2/country/ITA/indicator/NY.GDP.MKTP.KD.ZG?format=json&mrv=30,World Bank WDI: GDP growth (annual %),2024-12-31,as_of 2024-12-31,international,direct,auto_seed=world_bank_wdi; indicator=NY.GDP.MKTP.KD.ZG; observation_year=2024; dataset_lastupdated=2026-02-24; stale=no
Italy,gdp_growth_context,Economic growth momentum,pressure,no,0.7,derived,https://api.worldbank.org/v2/country/ITA/indicator/NY.GDP.MKTP.KD.ZG?format=json&mrv=30,World Bank WDI: GDP growth (annual %) — Italy + Veneto slower than EU average,2024-12-31,2024 annual,national,approved_proxy,
Italy,gdp_per_capita_ppp,GDP per capita (PPP),creative,yes,62014.27,world_bank,https://api.worldbank.org/v2/country/ITA/indicator/NY.GDP.PCAP.PP.CD?format=json&mrv=30,"World Bank WDI: GDP per capita, PPP (current international $)",2024-12-31,as_of 2024-12-31,international,direct,auto_seed=world_bank_wdi; indicator=NY.GDP.PCAP.PP.CD; observation_year=2024; dataset_lastupdated=2026-02-24; stale=no
Italy,gini_coefficient,Gini coefficient,capability,yes,34.3,world_bank,https://api.worldbank.org/v2/country/ITA/indicator/SI.POV.GINI?format=json&mrv=30,World Bank WDI: Gini index,2023-12-31,as_of 2023-12-31,international,direct,auto_seed=world_bank_wdi; indicator=SI.POV.GINI; observation_year=2023; dataset_lastupdated=2026-02-24; stale=no
Italy,hanke_misery_raw,Macroeconomic stress (Hanke Misery Index),pressure,yes,25,national_statistical_office,https://fortune.com/2026/04/16/hanke-annual-misery-index-2025-venezuela-taiwan-rankings/,Hanke Annual Misery Index 2025 (estimated from IMF/WB/national-bank macroeconomic profile): Italy ≈ 25,2025-12-31,2024 annual,national,approved_proxy,
Italy,healthcare_quality_raw,Healthcare quality,capability,yes,85,derived,https://www.who.int/data/gho/data/indicators/indicator-details/GHO/UHC_INDEX_REPORTED,WHO GHO: UHC Service Coverage Index,2024-12-31,2024 annual,national,approved_proxy,
Italy,hospitality_belonging_raw,Hospitality and belonging,community,yes,51.28,derived,https://api.worldbank.org/v2/country/ITA/indicator/SM.POP.NETM?format=json&mrv=10,World Bank WDI: Net migration (proxy for hospitality/belonging — positive = welcoming),2024-12-31,2024 annual,national,approved_proxy,
Italy,household_debt_effective_raw,Household debt burden,pressure,yes,42,derived,https://www.bis.org/statistics/totcredit.htm,BIS: Italy household debt to GDP,2024-12-31,2024 annual,national,approved_proxy,
Italy,household_debt_proxy,Household debt proxy,pressure,yes,59.3116,world_bank,https://api.worldbank.org/v2/country/ITA/indicator/FD.AST.PRVT.GD.ZS?format=json&mrv=30,World Bank WDI: Domestic credit to private sector by banks (% of GDP) used as interim leverage proxy,2024-12-31,as_of 2024-12-31,international,approved_proxy,auto_seed=world_bank_wdi; proxy=broad_private_credit_not_household_only; indicator=FD.AST.PRVT.GD.ZS; observation_year=2024; dataset_lastupdated=2026-02-24; stale=no
Italy,innovation_research_intensity_raw,Innovation and research intensity,creative,yes,1.33,derived,https://api.worldbank.org/v2/country/ITA/indicator/GB.XPD.RSDV.GD.ZS?format=json&mrv=10,World Bank WDI: Research and development expenditure (% of GDP),2024-12-31,2024 annual,national,approved_proxy,
Italy,personal_safety_raw,Personal safety,viability,yes,0.54,derived,https://api.worldbank.org/v2/country/ITA/indicator/VC.IHR.PSRC.P5?format=json&mrv=10,"UNODC via World Bank WDI: Intentional homicides (per 100,000 people)",2024-12-31,2024 annual,national,approved_proxy,
Italy,ppp_private_consumption,PPP private consumption factor,pressure,yes,0.625157,world_bank,https://api.worldbank.org/v2/country/ITA/indicator/PA.NUS.PRVT.PP?format=json&mrv=30,"World Bank WDI: PPP conversion factor, private consumption (LCU per international $)",2024-12-31,as_of 2024-12-31,international,direct,auto_seed=world_bank_wdi; indicator=PA.NUS.PRVT.PP; observation_year=2024; dataset_lastupdated=2026-02-24; stale=no
Italy,suicide_mental_strain_raw,Suicide and severe mental strain,pressure,yes,6.4,derived,https://www.who.int/data/gho/data/indicators/indicator-details/GHO/SDGSUICIDE,"WHO GHO: Age-standardized suicide rate (per 100,000 population)",2024-12-31,2024 annual,national,approved_proxy,
Italy,tax_rate_assumption,Tax rate assumption,pressure,yes,0.24708,world_bank,https://api.worldbank.org/v2/country/ITA/indicator/GC.TAX.TOTL.GD.ZS?format=json&mrv=30,World Bank WDI: Tax revenue (% of GDP) used as interim country average tax-take proxy,2023-12-31,as_of 2023-12-31,international,approved_proxy,auto_seed=world_bank_wdi; proxy=country_average_tax_take_from_tax_revenue_share; indicator=GC.TAX.TOTL.GD.ZS; observation_year=2023; dataset_lastupdated=2026-02-24; stale=no
Italy,water_sanitation_utility_raw,"Water, sanitation, and utility reliability",viability,yes,99.3,derived,https://api.worldbank.org/v2/country/ITA/indicator/SH.H2O.SMDW.ZS?format=json&mrv=10,World Bank WDI: People using safely managed drinking water services (% of population),2024-12-31,2024 annual,national,approved_proxy,
Japan,administrative_investment_friction_raw,Administrative and investment friction,creative,yes,1.8,derived,https://www.worldbank.org/en/businessready,World Bank B-READY: Japan administrative friction index (known bureaucratic overhead),2024-12-31,2024 annual,national,approved_proxy,
Japan,civic_freedom_raw,Civic freedom and dignity (HRMI + Freedom House + V-Dem composite),community,yes,80,derived,https://rightstracker.org/,Civic Freedom Composite: 0.4 × HRMI Empowerment + 0.3 × Freedom House FIW + 0.3 × V-Dem Liberal Democracy Index (×100). Japan composite = 80,2024-12-31,2024 annual,national,approved_proxy,
Japan,education_quality_raw,Education quality,capability,yes,64.8,derived,https://data.uis.unesco.org/,UNESCO UIS: Japan tertiary enrolment ratio (%),2024-12-31,2024 annual,national,approved_proxy,
Japan,gdp_growth,GDP growth,creative,yes,0.1043,world_bank,https://api.worldbank.org/v2/country/JPN/indicator/NY.GDP.MKTP.KD.ZG?format=json&mrv=30,World Bank WDI: GDP growth (annual %),2024-12-31,as_of 2024-12-31,international,direct,auto_seed=world_bank_wdi; indicator=NY.GDP.MKTP.KD.ZG; observation_year=2024; dataset_lastupdated=2026-02-24; stale=no
Japan,gdp_growth_context,Economic growth momentum,pressure,no,0.7,derived,https://api.worldbank.org/v2/country/JPN/indicator/NY.GDP.MKTP.KD.ZG?format=json&mrv=5,"World Bank WDI: GDP growth, Japan, 5-year average",2024-12-31,2024 annual,national,approved_proxy,
Japan,gdp_per_capita_ppp,GDP per capita (PPP),creative,yes,52039.17,world_bank,https://api.worldbank.org/v2/country/JPN/indicator/NY.GDP.PCAP.PP.CD?format=json&mrv=30,"World Bank WDI: GDP per capita, PPP (current international $)",2024-12-31,as_of 2024-12-31,international,direct,auto_seed=world_bank_wdi; indicator=NY.GDP.PCAP.PP.CD; observation_year=2024; dataset_lastupdated=2026-02-24; stale=no
Japan,gini_coefficient,Gini coefficient,capability,yes,32.3,world_bank,https://api.worldbank.org/v2/country/JPN/indicator/SI.POV.GINI?format=json&mrv=30,World Bank WDI: Gini index,2020-12-31,as_of 2020-12-31,international,direct,auto_seed=world_bank_wdi; indicator=SI.POV.GINI; observation_year=2020; dataset_lastupdated=2026-02-24; stale=no
Japan,hanke_misery_raw,Macroeconomic stress (Hanke Misery Index),pressure,yes,7.2,derived,https://fortune.com/2026/04/16/hanke-annual-misery-index-2025-venezuela-taiwan-rankings/,Hanke Annual Misery Index 2025 (published): Japan score 7.2,2025-12-31,2024 annual,national,approved_proxy,
Japan,healthcare_quality_raw,Healthcare quality,capability,yes,94,derived,https://www.healthdata.org/research-analysis/health-policy-planning/haq-index,IHME Healthcare Access and Quality Index 2023: Japan,2023-12-31,2024 annual,national,approved_proxy,
Japan,hospitality_belonging_raw,Hospitality and belonging,community,yes,48.6,derived,https://news.gallup.com/poll/355385/unhappiness-rises-world.aspx,Gallup Global Emotions Report: Japan positive experience index,2024-12-31,2024 annual,national,approved_proxy,
Japan,household_debt_effective_raw,Household debt burden,pressure,yes,67.8,derived,https://www.bis.org/statistics/totcredit.htm,BIS statistics: Japan household debt to GDP (%),2024-12-31,2024 annual,national,approved_proxy,
Japan,household_debt_proxy,Household debt proxy,pressure,yes,123.1289,world_bank,https://api.worldbank.org/v2/country/JPN/indicator/FD.AST.PRVT.GD.ZS?format=json&mrv=30,World Bank WDI: Domestic credit to private sector by banks (% of GDP) used as interim leverage proxy,2024-12-31,as_of 2024-12-31,international,approved_proxy,auto_seed=world_bank_wdi; proxy=broad_private_credit_not_household_only; indicator=FD.AST.PRVT.GD.ZS; observation_year=2024; dataset_lastupdated=2026-02-24; stale=no
Japan,innovation_research_intensity_raw,Innovation and research intensity,creative,yes,3.3,derived,https://api.worldbank.org/v2/country/JPN/indicator/GB.XPD.RSDV.GD.ZS?format=json&mrv=5,World Bank WDI: Japan R&D expenditure (% GDP),2024-12-31,2024 annual,national,approved_proxy,
Japan,ppp_private_consumption,PPP private consumption factor,pressure,yes,99.384798,world_bank,https://api.worldbank.org/v2/country/JPN/indicator/PA.NUS.PRVT.PP?format=json&mrv=30,"World Bank WDI: PPP conversion factor, private consumption (LCU per international $)",2024-12-31,as_of 2024-12-31,international,direct,auto_seed=world_bank_wdi; indicator=PA.NUS.PRVT.PP; observation_year=2024; dataset_lastupdated=2026-02-24; stale=no
Japan,suicide_mental_strain_raw,Suicide and severe mental strain,pressure,yes,15.4,derived,https://www.who.int/data/gho/data/indicators/indicator-details/GHO/SDGSUICIDE,"WHO GHO: Age-standardized suicide rate per 100,000, Japan",2024-12-31,2024 annual,national,approved_proxy,
Japan,tax_rate_assumption,Tax rate assumption,pressure,yes,,,,,,,,,
Japan,water_sanitation_utility_raw,"Water, sanitation, and utility reliability",viability,yes,99.9,derived,https://washdata.org/,WHO/UNICEF JMP: Japan safely managed water and sanitation (%),2024-12-31,2024 annual,national,approved_proxy,
Japan,working_time_pressure_raw,Working time pressure,pressure,yes,39.1,derived,https://ilostat.ilo.org/data/?id=HOW_TEMP_SEX_ECO_NB_A,"ILO ILOSTAT: Mean weekly hours worked, Japan",2024-12-31,2024 annual,national,approved_proxy,
Jordan,administrative_investment_friction_raw,Administrative and investment friction,creative,yes,2.28,derived,https://api.worldbank.org/v2/country/JOR/indicator/RQ.EST?format=json&mrv=10,World Bank WGI: Regulatory Quality (inverted as friction proxy),2024-12-31,2024 annual,national,approved_proxy,
Jordan,civic_freedom_raw,Civic freedom and dignity (HRMI + Freedom House + V-Dem composite),community,yes,29,derived,https://rightstracker.org/,Civic Freedom Composite: 0.4 × HRMI Empowerment + 0.3 × Freedom House FIW + 0.3 × V-Dem Liberal Democracy Index (×100). Jordan composite = 29,2024-12-31,2024 annual,national,approved_proxy,
Jordan,cultural_public_life_raw,"Cultural, historic, and public-life vitality",community,yes,107.33,national_statistical_office,https://api.worldbank.org/v2/country/JOR/indicator/ST.INT.ARVL?format=json&mrv=10,World Bank WDI: International tourism arrivals per 1 000 population,2024-12-31,2024 annual,national,approved_proxy,
Jordan,digital_infrastructure_raw,Digital infrastructure,viability,yes,7.04,derived,https://api.worldbank.org/v2/country/JOR/indicator/IT.NET.BBND.P2?format=json&mrv=10,World Bank WDI: Fixed broadband subscriptions (per 100 people),2024-12-31,2024 annual,national,approved_proxy,
Jordan,entrepreneurial_dynamism_raw,Entrepreneurial dynamism,creative,yes,0.4,derived,https://api.worldbank.org/v2/country/JOR/indicator/IC.BUS.NDNS.ZS?format=json&mrv=10,"World Bank WDI: New business density (new registrations per 1,000 people ages 15-64)",2024-12-31,2024 annual,national,approved_proxy,
Jordan,gdp_growth,GDP growth,creative,yes,2.4889,world_bank,https://api.worldbank.org/v2/country/JOR/indicator/NY.GDP.MKTP.KD.ZG?format=json&mrv=30,World Bank WDI: GDP growth (annual %),2024-12-31,as_of 2024-12-31,international,direct,auto_seed=world_bank_wdi; indicator=NY.GDP.MKTP.KD.ZG; observation_year=2024; dataset_lastupdated=2026-02-24; stale=no
Jordan,gdp_growth_context,Economic growth momentum,pressure,no,2.49,derived,https://api.worldbank.org/v2/country/JOR/indicator/NY.GDP.MKTP.KD.ZG?format=json&mrv=30,World Bank WDI: GDP growth (annual %),2024-12-31,2024 annual,national,approved_proxy,
Jordan,gdp_per_capita_ppp,GDP per capita (PPP),creative,yes,10821.49,world_bank,https://api.worldbank.org/v2/country/JOR/indicator/NY.GDP.PCAP.PP.CD?format=json&mrv=30,"World Bank WDI: GDP per capita, PPP (current international $)",2024-12-31,as_of 2024-12-31,international,direct,auto_seed=world_bank_wdi; indicator=NY.GDP.PCAP.PP.CD; observation_year=2024; dataset_lastupdated=2026-02-24; stale=no
Jordan,gini_coefficient,Gini coefficient,capability,yes,33.7,world_bank,https://api.worldbank.org/v2/country/JOR/indicator/SI.POV.GINI?format=json&mrv=30,World Bank WDI: Gini index,2010-12-31,as_of 2010-12-31,international,direct,auto_seed=world_bank_wdi; indicator=SI.POV.GINI; observation_year=2010; dataset_lastupdated=2026-02-24; stale=yes
Jordan,hanke_misery_raw,Macroeconomic stress (Hanke Misery Index),pressure,yes,38,national_statistical_office,https://fortune.com/2026/04/16/hanke-annual-misery-index-2025-venezuela-taiwan-rankings/,Hanke Annual Misery Index 2025 (estimated from IMF/WB/national-bank macroeconomic profile): Jordan ≈ 38,2025-12-31,2024 annual,national,approved_proxy,
Jordan,hospitality_belonging_raw,Hospitality and belonging,community,yes,23.75,derived,https://api.worldbank.org/v2/country/JOR/indicator/SM.POP.NETM?format=json&mrv=10,World Bank WDI: Net migration (proxy for hospitality/belonging — positive = welcoming),2024-12-31,2024 annual,national,approved_proxy,
Jordan,household_debt_proxy,Household debt proxy,pressure,yes,80.0729,world_bank,https://api.worldbank.org/v2/country/JOR/indicator/FD.AST.PRVT.GD.ZS?format=json&mrv=30,World Bank WDI: Domestic credit to private sector by banks (% of GDP) used as interim leverage proxy,2024-12-31,as_of 2024-12-31,international,approved_proxy,auto_seed=world_bank_wdi; proxy=broad_private_credit_not_household_only; indicator=FD.AST.PRVT.GD.ZS; observation_year=2024; dataset_lastupdated=2026-02-24; stale=no
Jordan,innovation_research_intensity_raw,Innovation and research intensity,creative,yes,0.43,derived,https://data.uis.unesco.org/,UNESCO UIS: Jordan R&D expenditure ~0.43% of GDP (prior 30.04 was unit mismatch),2024-12-31,2024 annual,national,approved_proxy,
Jordan,personal_safety_raw,Personal safety,viability,yes,0.99,derived,https://api.worldbank.org/v2/country/JOR/indicator/VC.IHR.PSRC.P5?format=json&mrv=10,"UNODC via World Bank WDI: Intentional homicides (per 100,000 people)",2024-12-31,2024 annual,national,approved_proxy,
Jordan,ppp_private_consumption,PPP private consumption factor,pressure,yes,0.321203,world_bank,https://api.worldbank.org/v2/country/JOR/indicator/PA.NUS.PRVT.PP?format=json&mrv=30,"World Bank WDI: PPP conversion factor, private consumption (LCU per international $)",2024-12-31,as_of 2024-12-31,international,direct,auto_seed=world_bank_wdi; indicator=PA.NUS.PRVT.PP; observation_year=2024; dataset_lastupdated=2026-02-24; stale=no
Jordan,tax_rate_assumption,Tax rate assumption,pressure,yes,0.170491,world_bank,https://api.worldbank.org/v2/country/JOR/indicator/GC.TAX.TOTL.GD.ZS?format=json&mrv=30,World Bank WDI: Tax revenue (% of GDP) used as interim country average tax-take proxy,2023-12-31,as_of 2023-12-31,international,approved_proxy,auto_seed=world_bank_wdi; proxy=country_average_tax_take_from_tax_revenue_share; indicator=GC.TAX.TOTL.GD.ZS; observation_year=2023; dataset_lastupdated=2026-02-24; stale=no
Kenya,civic_freedom_raw,Civic freedom and dignity (HRMI + Freedom House + V-Dem composite),community,yes,50,derived,https://rightstracker.org/,Civic Freedom Composite: 0.4 × HRMI Empowerment + 0.3 × Freedom House FIW + 0.3 × V-Dem Liberal Democracy Index (×100). Kenya composite = 50,2024-12-31,2024 annual,national,approved_proxy,
Kenya,gdp_growth,GDP growth,creative,yes,4.7247,world_bank,https://api.worldbank.org/v2/country/KEN/indicator/NY.GDP.MKTP.KD.ZG?format=json&mrv=30,World Bank WDI: GDP growth (annual %),2024-12-31,as_of 2024-12-31,international,direct,auto_seed=world_bank_wdi; indicator=NY.GDP.MKTP.KD.ZG; observation_year=2024; dataset_lastupdated=2026-02-24; stale=no
Kenya,gdp_growth_context,Economic growth momentum,pressure,no,4.72,derived,https://api.worldbank.org/v2/country/KEN/indicator/NY.GDP.MKTP.KD.ZG?format=json&mrv=30,World Bank WDI: GDP growth (annual %),2024-12-31,2024 annual,national,approved_proxy,
Kenya,gdp_per_capita_ppp,GDP per capita (PPP),creative,yes,6644.13,world_bank,https://api.worldbank.org/v2/country/KEN/indicator/NY.GDP.PCAP.PP.CD?format=json&mrv=30,"World Bank WDI: GDP per capita, PPP (current international $)",2024-12-31,as_of 2024-12-31,international,direct,auto_seed=world_bank_wdi; indicator=NY.GDP.PCAP.PP.CD; observation_year=2024; dataset_lastupdated=2026-02-24; stale=no
Kenya,gini_coefficient,Gini coefficient,capability,yes,37.7,world_bank,https://api.worldbank.org/v2/country/KEN/indicator/SI.POV.GINI?format=json&mrv=30,World Bank WDI: Gini index,2022-12-31,as_of 2022-12-31,international,direct,auto_seed=world_bank_wdi; indicator=SI.POV.GINI; observation_year=2022; dataset_lastupdated=2026-02-24; stale=no
Kenya,hanke_misery_raw,Macroeconomic stress (Hanke Misery Index),pressure,yes,30,national_statistical_office,https://fortune.com/2026/04/16/hanke-annual-misery-index-2025-venezuela-taiwan-rankings/,Hanke Annual Misery Index 2025 (estimated from IMF/WB/national-bank macroeconomic profile): Kenya ≈ 30,2025-12-31,2024 annual,national,approved_proxy,
Kenya,household_debt_proxy,Household debt proxy,pressure,yes,31.7729,world_bank,https://api.worldbank.org/v2/country/KEN/indicator/FD.AST.PRVT.GD.ZS?format=json&mrv=30,World Bank WDI: Domestic credit to private sector by banks (% of GDP) used as interim leverage proxy,2023-12-31,as_of 2023-12-31,international,approved_proxy,auto_seed=world_bank_wdi; proxy=broad_private_credit_not_household_only; indicator=FD.AST.PRVT.GD.ZS; observation_year=2023; dataset_lastupdated=2026-02-24; stale=no
Kenya,ppp_private_consumption,PPP private consumption factor,pressure,yes,44.391722,world_bank,https://api.worldbank.org/v2/country/KEN/indicator/PA.NUS.PRVT.PP?format=json&mrv=30,"World Bank WDI: PPP conversion factor, private consumption (LCU per international $)",2024-12-31,as_of 2024-12-31,international,direct,auto_seed=world_bank_wdi; indicator=PA.NUS.PRVT.PP; observation_year=2024; dataset_lastupdated=2026-02-24; stale=no
Kenya,tax_rate_assumption,Tax rate assumption,pressure,yes,0.140631,world_bank,https://api.worldbank.org/v2/country/KEN/indicator/GC.TAX.TOTL.GD.ZS?format=json&mrv=30,World Bank WDI: Tax revenue (% of GDP) used as interim country average tax-take proxy,2023-12-31,as_of 2023-12-31,international,approved_proxy,auto_seed=world_bank_wdi; proxy=country_average_tax_take_from_tax_revenue_share; indicator=GC.TAX.TOTL.GD.ZS; observation_year=2023; dataset_lastupdated=2026-02-24; stale=no
Kuwait,civic_freedom_raw,Civic freedom and dignity (HRMI + Freedom House + V-Dem composite),community,yes,32,derived,https://rightstracker.org/,Civic Freedom Composite: 0.4 × HRMI Empowerment + 0.3 × Freedom House FIW + 0.3 × V-Dem Liberal Democracy Index (×100). Kuwait composite = 32,2024-12-31,2024 annual,national,approved_proxy,
Kuwait,gdp_growth,GDP growth,creative,yes,-2.5601,world_bank,https://api.worldbank.org/v2/country/KWT/indicator/NY.GDP.MKTP.KD.ZG?format=json&mrv=30,World Bank WDI: GDP growth (annual %),2024-12-31,as_of 2024-12-31,international,direct,auto_seed=world_bank_wdi; indicator=NY.GDP.MKTP.KD.ZG; observation_year=2024; dataset_lastupdated=2026-02-24; stale=no
Kuwait,gdp_growth_context,Economic growth momentum,pressure,no,-2.56,derived,https://api.worldbank.org/v2/country/KWT/indicator/NY.GDP.MKTP.KD.ZG?format=json&mrv=30,World Bank WDI: GDP growth (annual %),2024-12-31,2024 annual,national,approved_proxy,
Kuwait,gdp_per_capita_ppp,GDP per capita (PPP),creative,yes,52443.6,world_bank,https://api.worldbank.org/v2/country/KWT/indicator/NY.GDP.PCAP.PP.CD?format=json&mrv=30,"World Bank WDI: GDP per capita, PPP (current international $)",2024-12-31,as_of 2024-12-31,international,direct,auto_seed=world_bank_wdi; indicator=NY.GDP.PCAP.PP.CD; observation_year=2024; dataset_lastupdated=2026-02-24; stale=no
Kuwait,gini_coefficient,Gini coefficient,capability,yes,,,,,,,,,
Kuwait,hanke_misery_raw,Macroeconomic stress (Hanke Misery Index),pressure,yes,14,national_statistical_office,https://fortune.com/2026/04/16/hanke-annual-misery-index-2025-venezuela-taiwan-rankings/,Hanke Annual Misery Index 2025 (estimated from IMF/WB/national-bank macroeconomic profile): Kuwait ≈ 14,2025-12-31,2024 annual,national,approved_proxy,
Kuwait,hospitality_belonging_raw,Hospitality and belonging,community,yes,45,derived,https://news.gallup.com/poll/,Gallup: Kuwait positive-experience index,2024-12-31,2024 annual,national,approved_proxy,
Kuwait,household_debt_proxy,Household debt proxy,pressure,yes,4.3975,world_bank,https://api.worldbank.org/v2/country/KWT/indicator/FD.AST.PRVT.GD.ZS?format=json&mrv=30,World Bank WDI: Domestic credit to private sector by banks (% of GDP) used as interim leverage proxy,2024-12-31,as_of 2024-12-31,international,approved_proxy,auto_seed=world_bank_wdi; proxy=broad_private_credit_not_household_only; indicator=FD.AST.PRVT.GD.ZS; observation_year=2024; dataset_lastupdated=2026-02-24; stale=no
Kuwait,ppp_private_consumption,PPP private consumption factor,pressure,yes,0.183789,world_bank,https://api.worldbank.org/v2/country/KWT/indicator/PA.NUS.PRVT.PP?format=json&mrv=30,"World Bank WDI: PPP conversion factor, private consumption (LCU per international $)",2024-12-31,as_of 2024-12-31,international,direct,auto_seed=world_bank_wdi; indicator=PA.NUS.PRVT.PP; observation_year=2024; dataset_lastupdated=2026-02-24; stale=no
Kuwait,tax_rate_assumption,Tax rate assumption,pressure,yes,0.014924,world_bank,https://api.worldbank.org/v2/country/KWT/indicator/GC.TAX.TOTL.GD.ZS?format=json&mrv=30,World Bank WDI: Tax revenue (% of GDP) used as interim country average tax-take proxy,1998-12-31,as_of 1998-12-31,international,approved_proxy,auto_seed=world_bank_wdi; proxy=country_average_tax_take_from_tax_revenue_share; indicator=GC.TAX.TOTL.GD.ZS; observation_year=1998; dataset_lastupdated=2026-02-24; stale=yes
Latvia,civic_freedom_raw,Civic freedom and dignity (HRMI + Freedom House + V-Dem composite),community,yes,78,derived,https://rightstracker.org/,Civic Freedom Composite: 0.4 × HRMI Empowerment + 0.3 × Freedom House FIW + 0.3 × V-Dem Liberal Democracy Index (×100). Latvia composite = 78,2024-12-31,2024 annual,national,approved_proxy,
Latvia,gdp_growth,GDP growth,creative,yes,,,,,,,,,
Latvia,gdp_per_capita_ppp,GDP per capita (PPP),creative,yes,,,,,,,,,
Latvia,gini_coefficient,Gini coefficient,capability,yes,,,,,,,,,
Latvia,hanke_misery_raw,Macroeconomic stress (Hanke Misery Index),pressure,yes,19.5,national_statistical_office,https://fortune.com/2026/04/16/hanke-annual-misery-index-2025-venezuela-taiwan-rankings/,Hanke Annual Misery Index 2025 (estimated from IMF/WB/national-bank macroeconomic profile): Latvia ≈ 19.5,2025-12-31,2024 annual,national,approved_proxy,
Latvia,household_debt_proxy,Household debt proxy,pressure,yes,,,,,,,,,
Latvia,ppp_private_consumption,PPP private consumption factor,pressure,yes,,,,,,,,,
Latvia,tax_rate_assumption,Tax rate assumption,pressure,yes,,,,,,,,,
Lithuania,civic_freedom_raw,Civic freedom and dignity (HRMI + Freedom House + V-Dem composite),community,yes,80,derived,https://rightstracker.org/,Civic Freedom Composite: 0.4 × HRMI Empowerment + 0.3 × Freedom House FIW + 0.3 × V-Dem Liberal Democracy Index (×100). Lithuania composite = 80,2024-12-31,2024 annual,national,approved_proxy,
Lithuania,gdp_growth,GDP growth,creative,yes,,,,,,,,,
Lithuania,gdp_per_capita_ppp,GDP per capita (PPP),creative,yes,,,,,,,,,
Lithuania,gini_coefficient,Gini coefficient,capability,yes,,,,,,,,,
Lithuania,hanke_misery_raw,Macroeconomic stress (Hanke Misery Index),pressure,yes,18,national_statistical_office,https://fortune.com/2026/04/16/hanke-annual-misery-index-2025-venezuela-taiwan-rankings/,Hanke Annual Misery Index 2025 (estimated from IMF/WB/national-bank macroeconomic profile): Lithuania ≈ 18,2025-12-31,2024 annual,national,approved_proxy,
Lithuania,household_debt_proxy,Household debt proxy,pressure,yes,,,,,,,,,
Lithuania,ppp_private_consumption,PPP private consumption factor,pressure,yes,,,,,,,,,
Lithuania,tax_rate_assumption,Tax rate assumption,pressure,yes,,,,,,,,,
Malaysia,administrative_investment_friction_raw,Administrative and investment friction,creative,yes,1.84,derived,https://api.worldbank.org/v2/country/MYS/indicator/RQ.EST?format=json&mrv=10,World Bank WGI: Regulatory Quality (inverted as friction proxy),2024-12-31,2024 annual,national,approved_proxy,
Malaysia,civic_freedom_raw,Civic freedom and dignity (HRMI + Freedom House + V-Dem composite),community,yes,48,derived,https://rightstracker.org/,Civic Freedom Composite: 0.4 × HRMI Empowerment + 0.3 × Freedom House FIW + 0.3 × V-Dem Liberal Democracy Index (×100). Malaysia composite = 48,2024-12-31,2024 annual,national,approved_proxy,
Malaysia,digital_infrastructure_raw,Digital infrastructure,viability,yes,13.03,derived,https://api.worldbank.org/v2/country/MYS/indicator/IT.NET.BBND.P2?format=json&mrv=10,World Bank WDI: Fixed broadband subscriptions (per 100 people),2024-12-31,2024 annual,national,approved_proxy,
Malaysia,entrepreneurial_dynamism_raw,Entrepreneurial dynamism,creative,yes,2.19,derived,https://api.worldbank.org/v2/country/MYS/indicator/IC.BUS.NDNS.ZS?format=json&mrv=10,"World Bank WDI: New business density (new registrations per 1,000 people ages 15-64)",2024-12-31,2024 annual,national,approved_proxy,
Malaysia,gdp_growth,GDP growth,creative,yes,5.1055,world_bank,https://api.worldbank.org/v2/country/MYS/indicator/NY.GDP.MKTP.KD.ZG?format=json&mrv=30,World Bank WDI: GDP growth (annual %),2024-12-31,as_of 2024-12-31,international,direct,auto_seed=world_bank_wdi; indicator=NY.GDP.MKTP.KD.ZG; observation_year=2024; dataset_lastupdated=2026-02-24; stale=no
Malaysia,gdp_growth_context,Economic growth momentum,pressure,no,5.11,derived,https://api.worldbank.org/v2/country/MYS/indicator/NY.GDP.MKTP.KD.ZG?format=json&mrv=30,World Bank WDI: GDP growth (annual %),2024-12-31,2024 annual,national,approved_proxy,
Malaysia,gdp_per_capita_ppp,GDP per capita (PPP),creative,yes,38779.28,world_bank,https://api.worldbank.org/v2/country/MYS/indicator/NY.GDP.PCAP.PP.CD?format=json&mrv=30,"World Bank WDI: GDP per capita, PPP (current international $)",2024-12-31,as_of 2024-12-31,international,direct,auto_seed=world_bank_wdi; indicator=NY.GDP.PCAP.PP.CD; observation_year=2024; dataset_lastupdated=2026-02-24; stale=no
Malaysia,gini_coefficient,Gini coefficient,capability,yes,40.7,world_bank,https://api.worldbank.org/v2/country/MYS/indicator/SI.POV.GINI?format=json&mrv=30,World Bank WDI: Gini index,2021-12-31,as_of 2021-12-31,international,direct,auto_seed=world_bank_wdi; indicator=SI.POV.GINI; observation_year=2021; dataset_lastupdated=2026-02-24; stale=no
Malaysia,hanke_misery_raw,Macroeconomic stress (Hanke Misery Index),pressure,yes,14.5,national_statistical_office,https://fortune.com/2026/04/16/hanke-annual-misery-index-2025-venezuela-taiwan-rankings/,Hanke Annual Misery Index 2025 (estimated from IMF/WB/national-bank macroeconomic profile): Malaysia ≈ 14.5,2025-12-31,2024 annual,national,approved_proxy,
Malaysia,hospitality_belonging_raw,Hospitality and belonging,community,yes,54.69,derived,https://api.worldbank.org/v2/country/MYS/indicator/SM.POP.NETM?format=json&mrv=10,World Bank WDI: Net migration (proxy for hospitality/belonging — positive = welcoming),2024-12-31,2024 annual,national,approved_proxy,
Malaysia,household_debt_proxy,Household debt proxy,pressure,yes,116.0773,world_bank,https://api.worldbank.org/v2/country/MYS/indicator/FD.AST.PRVT.GD.ZS?format=json&mrv=30,World Bank WDI: Domestic credit to private sector by banks (% of GDP) used as interim leverage proxy,2024-12-31,as_of 2024-12-31,international,approved_proxy,auto_seed=world_bank_wdi; proxy=broad_private_credit_not_household_only; indicator=FD.AST.PRVT.GD.ZS; observation_year=2024; dataset_lastupdated=2026-02-24; stale=no
Malaysia,personal_safety_raw,Personal safety,viability,yes,0.73,derived,https://api.worldbank.org/v2/country/MYS/indicator/VC.IHR.PSRC.P5?format=json&mrv=10,"UNODC via World Bank WDI: Intentional homicides (per 100,000 people)",2024-12-31,2024 annual,national,approved_proxy,
Malaysia,ppp_private_consumption,PPP private consumption factor,pressure,yes,1.449227,world_bank,https://api.worldbank.org/v2/country/MYS/indicator/PA.NUS.PRVT.PP?format=json&mrv=30,"World Bank WDI: PPP conversion factor, private consumption (LCU per international $)",2024-12-31,as_of 2024-12-31,international,direct,auto_seed=world_bank_wdi; indicator=PA.NUS.PRVT.PP; observation_year=2024; dataset_lastupdated=2026-02-24; stale=no
Malaysia,tax_rate_assumption,Tax rate assumption,pressure,yes,0.125648,world_bank,https://api.worldbank.org/v2/country/MYS/indicator/GC.TAX.TOTL.GD.ZS?format=json&mrv=30,World Bank WDI: Tax revenue (% of GDP) used as interim country average tax-take proxy,2023-12-31,as_of 2023-12-31,international,approved_proxy,auto_seed=world_bank_wdi; proxy=country_average_tax_take_from_tax_revenue_share; indicator=GC.TAX.TOTL.GD.ZS; observation_year=2023; dataset_lastupdated=2026-02-24; stale=no
Maldives,civic_freedom_raw,Civic freedom and dignity (HRMI + Freedom House + V-Dem composite),community,yes,60,derived,https://rightstracker.org/,Civic Freedom Composite: 0.4 × HRMI Empowerment + 0.3 × Freedom House FIW + 0.3 × V-Dem Liberal Democracy Index (×100). Maldives composite = 60,2024-12-31,2024 annual,national,approved_proxy,
Maldives,gdp_growth,GDP growth,creative,yes,3.4944,world_bank,https://api.worldbank.org/v2/country/MDV/indicator/NY.GDP.MKTP.KD.ZG?format=json&mrv=30,World Bank WDI: GDP growth (annual %),2024-12-31,as_of 2024-12-31,international,direct,auto_seed=world_bank_wdi; indicator=NY.GDP.MKTP.KD.ZG; observation_year=2024; dataset_lastupdated=2026-02-24; stale=no
Maldives,gdp_growth_context,Economic growth momentum,pressure,no,3.49,derived,https://api.worldbank.org/v2/country/MDV/indicator/NY.GDP.MKTP.KD.ZG?format=json&mrv=30,World Bank WDI: GDP growth (annual %),2024-12-31,2024 annual,national,approved_proxy,
Maldives,gdp_per_capita_ppp,GDP per capita (PPP),creative,yes,26182.78,world_bank,https://api.worldbank.org/v2/country/MDV/indicator/NY.GDP.PCAP.PP.CD?format=json&mrv=30,"World Bank WDI: GDP per capita, PPP (current international $)",2024-12-31,as_of 2024-12-31,international,direct,auto_seed=world_bank_wdi; indicator=NY.GDP.PCAP.PP.CD; observation_year=2024; dataset_lastupdated=2026-02-24; stale=no
Maldives,gini_coefficient,Gini coefficient,capability,yes,29.3,world_bank,https://api.worldbank.org/v2/country/MDV/indicator/SI.POV.GINI?format=json&mrv=30,World Bank WDI: Gini index,2019-12-31,as_of 2019-12-31,international,direct,auto_seed=world_bank_wdi; indicator=SI.POV.GINI; observation_year=2019; dataset_lastupdated=2026-02-24; stale=no
Maldives,hanke_misery_raw,Macroeconomic stress (Hanke Misery Index),pressure,yes,20,national_statistical_office,https://fortune.com/2026/04/16/hanke-annual-misery-index-2025-venezuela-taiwan-rankings/,Hanke Annual Misery Index 2025 (estimated from IMF/WB/national-bank macroeconomic profile): Maldives ≈ 20,2025-12-31,2024 annual,national,approved_proxy,
Maldives,household_debt_proxy,Household debt proxy,pressure,yes,31.5415,world_bank,https://api.worldbank.org/v2/country/MDV/indicator/FD.AST.PRVT.GD.ZS?format=json&mrv=30,World Bank WDI: Domestic credit to private sector by banks (% of GDP) used as interim leverage proxy,2024-12-31,as_of 2024-12-31,international,approved_proxy,auto_seed=world_bank_wdi; proxy=broad_private_credit_not_household_only; indicator=FD.AST.PRVT.GD.ZS; observation_year=2024; dataset_lastupdated=2026-02-24; stale=no
Maldives,ppp_private_consumption,PPP private consumption factor,pressure,yes,9.455282,world_bank,https://api.worldbank.org/v2/country/MDV/indicator/PA.NUS.PRVT.PP?format=json&mrv=30,"World Bank WDI: PPP conversion factor, private consumption (LCU per international $)",2024-12-31,as_of 2024-12-31,international,direct,auto_seed=world_bank_wdi; indicator=PA.NUS.PRVT.PP; observation_year=2024; dataset_lastupdated=2026-02-24; stale=no
Maldives,tax_rate_assumption,Tax rate assumption,pressure,yes,0.194532,world_bank,https://api.worldbank.org/v2/country/MDV/indicator/GC.TAX.TOTL.GD.ZS?format=json&mrv=30,World Bank WDI: Tax revenue (% of GDP) used as interim country average tax-take proxy,2021-12-31,as_of 2021-12-31,international,approved_proxy,auto_seed=world_bank_wdi; proxy=country_average_tax_take_from_tax_revenue_share; indicator=GC.TAX.TOTL.GD.ZS; observation_year=2021; dataset_lastupdated=2026-02-24; stale=no
Mauritius,civic_freedom_raw,Civic freedom and dignity (HRMI + Freedom House + V-Dem composite),community,yes,70,derived,https://rightstracker.org/,Civic Freedom Composite: 0.4 × HRMI Empowerment + 0.3 × Freedom House FIW + 0.3 × V-Dem Liberal Democracy Index (×100). Mauritius composite = 70,2024-12-31,2024 annual,national,approved_proxy,
Mauritius,gdp_growth,GDP growth,creative,yes,4.9251,world_bank,https://api.worldbank.org/v2/country/MUS/indicator/NY.GDP.MKTP.KD.ZG?format=json&mrv=30,World Bank WDI: GDP growth (annual %),2024-12-31,as_of 2024-12-31,international,direct,auto_seed=world_bank_wdi; indicator=NY.GDP.MKTP.KD.ZG; observation_year=2024; dataset_lastupdated=2026-02-24; stale=no
Mauritius,gdp_growth_context,Economic growth momentum,pressure,no,4.93,derived,https://api.worldbank.org/v2/country/MUS/indicator/NY.GDP.MKTP.KD.ZG?format=json&mrv=30,World Bank WDI: GDP growth (annual %),2024-12-31,2024 annual,national,approved_proxy,
Mauritius,gdp_per_capita_ppp,GDP per capita (PPP),creative,yes,31839.76,world_bank,https://api.worldbank.org/v2/country/MUS/indicator/NY.GDP.PCAP.PP.CD?format=json&mrv=30,"World Bank WDI: GDP per capita, PPP (current international $)",2024-12-31,as_of 2024-12-31,international,direct,auto_seed=world_bank_wdi; indicator=NY.GDP.PCAP.PP.CD; observation_year=2024; dataset_lastupdated=2026-02-24; stale=no
Mauritius,gini_coefficient,Gini coefficient,capability,yes,36.8,world_bank,https://api.worldbank.org/v2/country/MUS/indicator/SI.POV.GINI?format=json&mrv=30,World Bank WDI: Gini index,2017-12-31,as_of 2017-12-31,international,direct,auto_seed=world_bank_wdi; indicator=SI.POV.GINI; observation_year=2017; dataset_lastupdated=2026-02-24; stale=yes
Mauritius,hanke_misery_raw,Macroeconomic stress (Hanke Misery Index),pressure,yes,18,national_statistical_office,https://fortune.com/2026/04/16/hanke-annual-misery-index-2025-venezuela-taiwan-rankings/,Hanke Annual Misery Index 2025 (estimated from IMF/WB/national-bank macroeconomic profile): Mauritius ≈ 18,2025-12-31,2024 annual,national,approved_proxy,
Mauritius,household_debt_proxy,Household debt proxy,pressure,yes,69.8221,world_bank,https://api.worldbank.org/v2/country/MUS/indicator/FD.AST.PRVT.GD.ZS?format=json&mrv=30,World Bank WDI: Domestic credit to private sector by banks (% of GDP) used as interim leverage proxy,2024-12-31,as_of 2024-12-31,international,approved_proxy,auto_seed=world_bank_wdi; proxy=broad_private_credit_not_household_only; indicator=FD.AST.PRVT.GD.ZS; observation_year=2024; dataset_lastupdated=2026-02-24; stale=no
Mauritius,ppp_private_consumption,PPP private consumption factor,pressure,yes,19.916335,world_bank,https://api.worldbank.org/v2/country/MUS/indicator/PA.NUS.PRVT.PP?format=json&mrv=30,"World Bank WDI: PPP conversion factor, private consumption (LCU per international $)",2024-12-31,as_of 2024-12-31,international,direct,auto_seed=world_bank_wdi; indicator=PA.NUS.PRVT.PP; observation_year=2024; dataset_lastupdated=2026-02-24; stale=no
Mauritius,tax_rate_assumption,Tax rate assumption,pressure,yes,0.205324,world_bank,https://api.worldbank.org/v2/country/MUS/indicator/GC.TAX.TOTL.GD.ZS?format=json&mrv=30,World Bank WDI: Tax revenue (% of GDP) used as interim country average tax-take proxy,2024-12-31,as_of 2024-12-31,international,approved_proxy,auto_seed=world_bank_wdi; proxy=country_average_tax_take_from_tax_revenue_share; indicator=GC.TAX.TOTL.GD.ZS; observation_year=2024; dataset_lastupdated=2026-02-24; stale=no
Mexico,administrative_investment_friction_raw,Administrative and investment friction,creative,yes,2.67,derived,https://api.worldbank.org/v2/country/MEX/indicator/RQ.EST?format=json&mrv=10,World Bank WGI: Regulatory Quality (inverted as friction proxy),2024-12-31,2024 annual,national,approved_proxy,
Mexico,civic_freedom_raw,Civic freedom and dignity (HRMI + Freedom House + V-Dem composite),community,yes,58,derived,https://rightstracker.org/,Civic Freedom Composite: 0.4 × HRMI Empowerment + 0.3 × Freedom House FIW + 0.3 × V-Dem Liberal Democracy Index (×100). Mexico composite = 58,2024-12-31,2024 annual,national,approved_proxy,
Mexico,cultural_public_life_raw,"Cultural, historic, and public-life vitality",community,yes,390.7,national_statistical_office,https://api.worldbank.org/v2/country/MEX/indicator/ST.INT.ARVL?format=json&mrv=10,World Bank WDI: International tourism arrivals per 1 000 population,2024-12-31,2024 annual,national,approved_proxy,
Mexico,digital_infrastructure_raw,Digital infrastructure,viability,yes,20.09,derived,https://api.worldbank.org/v2/country/MEX/indicator/IT.NET.BBND.P2?format=json&mrv=10,World Bank WDI: Fixed broadband subscriptions (per 100 people),2024-12-31,2024 annual,national,approved_proxy,
Mexico,entrepreneurial_dynamism_raw,Entrepreneurial dynamism,creative,yes,0.88,derived,https://api.worldbank.org/v2/country/MEX/indicator/IC.BUS.NDNS.ZS?format=json&mrv=10,"World Bank WDI: New business density (new registrations per 1,000 people ages 15-64)",2024-12-31,2024 annual,national,approved_proxy,
Mexico,gdp_growth,GDP growth,creative,yes,1.4274,world_bank,https://api.worldbank.org/v2/country/MEX/indicator/NY.GDP.MKTP.KD.ZG?format=json&mrv=30,World Bank WDI: GDP growth (annual %),2024-12-31,as_of 2024-12-31,international,direct,auto_seed=world_bank_wdi; indicator=NY.GDP.MKTP.KD.ZG; observation_year=2024; dataset_lastupdated=2026-02-24; stale=no
Mexico,gdp_growth_context,Economic growth momentum,pressure,no,1.43,derived,https://api.worldbank.org/v2/country/MEX/indicator/NY.GDP.MKTP.KD.ZG?format=json&mrv=30,World Bank WDI: GDP growth (annual %),2024-12-31,2024 annual,national,approved_proxy,
Mexico,gdp_per_capita_ppp,GDP per capita (PPP),creative,yes,26185.36,world_bank,https://api.worldbank.org/v2/country/MEX/indicator/NY.GDP.PCAP.PP.CD?format=json&mrv=30,"World Bank WDI: GDP per capita, PPP (current international $)",2024-12-31,as_of 2024-12-31,international,direct,auto_seed=world_bank_wdi; indicator=NY.GDP.PCAP.PP.CD; observation_year=2024; dataset_lastupdated=2026-02-24; stale=no
Mexico,gini_coefficient,Gini coefficient,capability,yes,43.5,world_bank,https://api.worldbank.org/v2/country/MEX/indicator/SI.POV.GINI?format=json&mrv=30,World Bank WDI: Gini index,2022-12-31,as_of 2022-12-31,international,direct,auto_seed=world_bank_wdi; indicator=SI.POV.GINI; observation_year=2022; dataset_lastupdated=2026-02-24; stale=no
Mexico,hanke_misery_raw,Macroeconomic stress (Hanke Misery Index),pressure,yes,22,national_statistical_office,https://fortune.com/2026/04/16/hanke-annual-misery-index-2025-venezuela-taiwan-rankings/,Hanke Annual Misery Index 2025 (estimated from IMF/WB/national-bank macroeconomic profile): Mexico ≈ 22,2025-12-31,2024 annual,national,approved_proxy,
Mexico,hospitality_belonging_raw,Hospitality and belonging,community,yes,49.17,derived,https://api.worldbank.org/v2/country/MEX/indicator/SM.POP.NETM?format=json&mrv=10,World Bank WDI: Net migration (proxy for hospitality/belonging — positive = welcoming),2024-12-31,2024 annual,national,approved_proxy,
Mexico,household_debt_proxy,Household debt proxy,pressure,yes,26.5628,world_bank,https://api.worldbank.org/v2/country/MEX/indicator/FD.AST.PRVT.GD.ZS?format=json&mrv=30,World Bank WDI: Domestic credit to private sector by banks (% of GDP) used as interim leverage proxy,2024-12-31,as_of 2024-12-31,international,approved_proxy,auto_seed=world_bank_wdi; proxy=broad_private_credit_not_household_only; indicator=FD.AST.PRVT.GD.ZS; observation_year=2024; dataset_lastupdated=2026-02-24; stale=no
Mexico,personal_safety_raw,Personal safety,viability,yes,24.86,derived,https://api.worldbank.org/v2/country/MEX/indicator/VC.IHR.PSRC.P5?format=json&mrv=10,"UNODC via World Bank WDI: Intentional homicides (per 100,000 people)",2024-12-31,2024 annual,national,approved_proxy,
Mexico,ppp_private_consumption,PPP private consumption factor,pressure,yes,10.801299,world_bank,https://api.worldbank.org/v2/country/MEX/indicator/PA.NUS.PRVT.PP?format=json&mrv=30,"World Bank WDI: PPP conversion factor, private consumption (LCU per international $)",2024-12-31,as_of 2024-12-31,international,direct,auto_seed=world_bank_wdi; indicator=PA.NUS.PRVT.PP; observation_year=2024; dataset_lastupdated=2026-02-24; stale=no
Mexico,tax_rate_assumption,Tax rate assumption,pressure,yes,0.141936,world_bank,https://api.worldbank.org/v2/country/MEX/indicator/GC.TAX.TOTL.GD.ZS?format=json&mrv=30,World Bank WDI: Tax revenue (% of GDP) used as interim country average tax-take proxy,2023-12-31,as_of 2023-12-31,international,approved_proxy,auto_seed=world_bank_wdi; proxy=country_average_tax_take_from_tax_revenue_share; indicator=GC.TAX.TOTL.GD.ZS; observation_year=2023; dataset_lastupdated=2026-02-24; stale=no
Morocco,administrative_investment_friction_raw,Administrative and investment friction,creative,yes,2.56,derived,https://api.worldbank.org/v2/country/MAR/indicator/RQ.EST?format=json&mrv=10,World Bank WGI: Regulatory Quality (inverted as friction proxy),2024-12-31,2024 annual,national,approved_proxy,
Morocco,civic_freedom_raw,Civic freedom and dignity (HRMI + Freedom House + V-Dem composite),community,yes,38,derived,https://rightstracker.org/,Civic Freedom Composite: 0.4 × HRMI Empowerment + 0.3 × Freedom House FIW + 0.3 × V-Dem Liberal Democracy Index (×100). Morocco composite = 38,2024-12-31,2024 annual,national,approved_proxy,
Morocco,cultural_public_life_raw,"Cultural, historic, and public-life vitality",community,yes,73.58,national_statistical_office,https://api.worldbank.org/v2/country/MAR/indicator/ST.INT.ARVL?format=json&mrv=10,World Bank WDI: International tourism arrivals per 1 000 population,2024-12-31,2024 annual,national,approved_proxy,
Morocco,digital_infrastructure_raw,Digital infrastructure,viability,yes,7.02,derived,https://api.worldbank.org/v2/country/MAR/indicator/IT.NET.BBND.P2?format=json&mrv=10,World Bank WDI: Fixed broadband subscriptions (per 100 people),2024-12-31,2024 annual,national,approved_proxy,
Morocco,entrepreneurial_dynamism_raw,Entrepreneurial dynamism,creative,yes,2.57,derived,https://api.worldbank.org/v2/country/MAR/indicator/IC.BUS.NDNS.ZS?format=json&mrv=10,"World Bank WDI: New business density (new registrations per 1,000 people ages 15-64)",2024-12-31,2024 annual,national,approved_proxy,
Morocco,gdp_growth,GDP growth,creative,yes,3.7934,world_bank,https://api.worldbank.org/v2/country/MAR/indicator/NY.GDP.MKTP.KD.ZG?format=json&mrv=30,World Bank WDI: GDP growth (annual %),2024-12-31,as_of 2024-12-31,international,direct,auto_seed=world_bank_wdi; indicator=NY.GDP.MKTP.KD.ZG; observation_year=2024; dataset_lastupdated=2026-02-24; stale=no
Morocco,gdp_growth_context,Economic growth momentum,pressure,no,3.79,derived,https://api.worldbank.org/v2/country/MAR/indicator/NY.GDP.MKTP.KD.ZG?format=json&mrv=30,World Bank WDI: GDP growth (annual %),2024-12-31,2024 annual,national,approved_proxy,
Morocco,gdp_per_capita_ppp,GDP per capita (PPP),creative,yes,10415.12,world_bank,https://api.worldbank.org/v2/country/MAR/indicator/NY.GDP.PCAP.PP.CD?format=json&mrv=30,"World Bank WDI: GDP per capita, PPP (current international $)",2024-12-31,as_of 2024-12-31,international,direct,auto_seed=world_bank_wdi; indicator=NY.GDP.PCAP.PP.CD; observation_year=2024; dataset_lastupdated=2026-02-24; stale=no
Morocco,gini_coefficient,Gini coefficient,capability,yes,39.5,world_bank,https://api.worldbank.org/v2/country/MAR/indicator/SI.POV.GINI?format=json&mrv=30,World Bank WDI: Gini index,2013-12-31,as_of 2013-12-31,international,direct,auto_seed=world_bank_wdi; indicator=SI.POV.GINI; observation_year=2013; dataset_lastupdated=2026-02-24; stale=yes
Morocco,hanke_misery_raw,Macroeconomic stress (Hanke Misery Index),pressure,yes,25,national_statistical_office,https://fortune.com/2026/04/16/hanke-annual-misery-index-2025-venezuela-taiwan-rankings/,Hanke Annual Misery Index 2025 (estimated from IMF/WB/national-bank macroeconomic profile): Morocco ≈ 25,2025-12-31,2024 annual,national,approved_proxy,
Morocco,hospitality_belonging_raw,Hospitality and belonging,community,yes,48.52,derived,https://api.worldbank.org/v2/country/MAR/indicator/SM.POP.NETM?format=json&mrv=10,World Bank WDI: Net migration (proxy for hospitality/belonging — positive = welcoming),2024-12-31,2024 annual,national,approved_proxy,
Morocco,household_debt_proxy,Household debt proxy,pressure,yes,54.7741,world_bank,https://api.worldbank.org/v2/country/MAR/indicator/FD.AST.PRVT.GD.ZS?format=json&mrv=30,World Bank WDI: Domestic credit to private sector by banks (% of GDP) used as interim leverage proxy,2024-12-31,as_of 2024-12-31,international,approved_proxy,auto_seed=world_bank_wdi; proxy=broad_private_credit_not_household_only; indicator=FD.AST.PRVT.GD.ZS; observation_year=2024; dataset_lastupdated=2026-02-24; stale=no
Morocco,innovation_research_intensity_raw,Innovation and research intensity,creative,yes,0.75,derived,https://data.uis.unesco.org/,UNESCO UIS: Morocco R&D expenditure ~0.75% of GDP (prior 73.61 was unit mismatch),2024-12-31,2024 annual,national,approved_proxy,
Morocco,personal_safety_raw,Personal safety,viability,yes,1.71,derived,https://api.worldbank.org/v2/country/MAR/indicator/VC.IHR.PSRC.P5?format=json&mrv=10,"UNODC via World Bank WDI: Intentional homicides (per 100,000 people)",2024-12-31,2024 annual,national,approved_proxy,
Morocco,ppp_private_consumption,PPP private consumption factor,pressure,yes,4.038145,world_bank,https://api.worldbank.org/v2/country/MAR/indicator/PA.NUS.PRVT.PP?format=json&mrv=30,"World Bank WDI: PPP conversion factor, private consumption (LCU per international $)",2024-12-31,as_of 2024-12-31,international,direct,auto_seed=world_bank_wdi; indicator=PA.NUS.PRVT.PP; observation_year=2024; dataset_lastupdated=2026-02-24; stale=no
Morocco,tax_rate_assumption,Tax rate assumption,pressure,yes,0.207439,world_bank,https://api.worldbank.org/v2/country/MAR/indicator/GC.TAX.TOTL.GD.ZS?format=json&mrv=30,World Bank WDI: Tax revenue (% of GDP) used as interim country average tax-take proxy,2023-12-31,as_of 2023-12-31,international,approved_proxy,auto_seed=world_bank_wdi; proxy=country_average_tax_take_from_tax_revenue_share; indicator=GC.TAX.TOTL.GD.ZS; observation_year=2023; dataset_lastupdated=2026-02-24; stale=no
Namibia,civic_freedom_raw,Civic freedom and dignity (HRMI + Freedom House + V-Dem composite),community,yes,70,derived,https://rightstracker.org/,Civic Freedom Composite: 0.4 × HRMI Empowerment + 0.3 × Freedom House FIW + 0.3 × V-Dem Liberal Democracy Index (×100). Namibia composite = 70,2024-12-31,2024 annual,national,approved_proxy,
Namibia,gdp_growth,GDP growth,creative,yes,3.7115,world_bank,https://api.worldbank.org/v2/country/NAM/indicator/NY.GDP.MKTP.KD.ZG?format=json&mrv=30,World Bank WDI: GDP growth (annual %),2024-12-31,as_of 2024-12-31,international,direct,auto_seed=world_bank_wdi; indicator=NY.GDP.MKTP.KD.ZG; observation_year=2024; dataset_lastupdated=2026-02-24; stale=no
Namibia,gdp_growth_context,Economic growth momentum,pressure,no,3.71,derived,https://api.worldbank.org/v2/country/NAM/indicator/NY.GDP.MKTP.KD.ZG?format=json&mrv=30,World Bank WDI: GDP growth (annual %),2024-12-31,2024 annual,national,approved_proxy,
Namibia,gdp_per_capita_ppp,GDP per capita (PPP),creative,yes,11686.6,world_bank,https://api.worldbank.org/v2/country/NAM/indicator/NY.GDP.PCAP.PP.CD?format=json&mrv=30,"World Bank WDI: GDP per capita, PPP (current international $)",2024-12-31,as_of 2024-12-31,international,direct,auto_seed=world_bank_wdi; indicator=NY.GDP.PCAP.PP.CD; observation_year=2024; dataset_lastupdated=2026-02-24; stale=no
Namibia,gini_coefficient,Gini coefficient,capability,yes,59.1,world_bank,https://api.worldbank.org/v2/country/NAM/indicator/SI.POV.GINI?format=json&mrv=30,World Bank WDI: Gini index,2015-12-31,as_of 2015-12-31,international,direct,auto_seed=world_bank_wdi; indicator=SI.POV.GINI; observation_year=2015; dataset_lastupdated=2026-02-24; stale=yes
Namibia,hanke_misery_raw,Macroeconomic stress (Hanke Misery Index),pressure,yes,50,national_statistical_office,https://fortune.com/2026/04/16/hanke-annual-misery-index-2025-venezuela-taiwan-rankings/,Hanke Annual Misery Index 2025 (estimated from IMF/WB/national-bank macroeconomic profile): Namibia ≈ 50,2025-12-31,2024 annual,national,approved_proxy,
Namibia,household_debt_proxy,Household debt proxy,pressure,yes,48.2075,world_bank,https://api.worldbank.org/v2/country/NAM/indicator/FD.AST.PRVT.GD.ZS?format=json&mrv=30,World Bank WDI: Domestic credit to private sector by banks (% of GDP) used as interim leverage proxy,2024-12-31,as_of 2024-12-31,international,approved_proxy,auto_seed=world_bank_wdi; proxy=broad_private_credit_not_household_only; indicator=FD.AST.PRVT.GD.ZS; observation_year=2024; dataset_lastupdated=2026-02-24; stale=no
Namibia,ppp_private_consumption,PPP private consumption factor,pressure,yes,7.321244,world_bank,https://api.worldbank.org/v2/country/NAM/indicator/PA.NUS.PRVT.PP?format=json&mrv=30,"World Bank WDI: PPP conversion factor, private consumption (LCU per international $)",2024-12-31,as_of 2024-12-31,international,direct,auto_seed=world_bank_wdi; indicator=PA.NUS.PRVT.PP; observation_year=2024; dataset_lastupdated=2026-02-24; stale=no
Namibia,tax_rate_assumption,Tax rate assumption,pressure,yes,0.329629,world_bank,https://api.worldbank.org/v2/country/NAM/indicator/GC.TAX.TOTL.GD.ZS?format=json&mrv=30,World Bank WDI: Tax revenue (% of GDP) used as interim country average tax-take proxy,2023-12-31,as_of 2023-12-31,international,approved_proxy,auto_seed=world_bank_wdi; proxy=country_average_tax_take_from_tax_revenue_share; indicator=GC.TAX.TOTL.GD.ZS; observation_year=2023; dataset_lastupdated=2026-02-24; stale=no
Nepal,administrative_investment_friction_raw,Administrative and investment friction,creative,yes,3.16,derived,https://api.worldbank.org/v2/country/NPL/indicator/RQ.EST?format=json&mrv=10,World Bank WGI: Regulatory Quality (inverted as friction proxy),2024-12-31,2024 annual,national,approved_proxy,
Nepal,civic_freedom_raw,Civic freedom and dignity (HRMI + Freedom House + V-Dem composite),community,yes,56,derived,https://rightstracker.org/,Civic Freedom Composite: 0.4 × HRMI Empowerment + 0.3 × Freedom House FIW + 0.3 × V-Dem Liberal Democracy Index (×100). Nepal composite = 56,2024-12-31,2024 annual,national,approved_proxy,
Nepal,cultural_public_life_raw,"Cultural, historic, and public-life vitality",community,yes,7.76,national_statistical_office,https://api.worldbank.org/v2/country/NPL/indicator/ST.INT.ARVL?format=json&mrv=10,World Bank WDI: International tourism arrivals per 1 000 population,2024-12-31,2024 annual,national,approved_proxy,
Nepal,digital_infrastructure_raw,Digital infrastructure,viability,yes,4.83,derived,https://api.worldbank.org/v2/country/NPL/indicator/IT.NET.BBND.P2?format=json&mrv=10,World Bank WDI: Fixed broadband subscriptions (per 100 people),2024-12-31,2024 annual,national,approved_proxy,
Nepal,entrepreneurial_dynamism_raw,Entrepreneurial dynamism,creative,yes,1.38,derived,https://api.worldbank.org/v2/country/NPL/indicator/IC.BUS.NDNS.ZS?format=json&mrv=10,"World Bank WDI: New business density (new registrations per 1,000 people ages 15-64)",2024-12-31,2024 annual,national,approved_proxy,
Nepal,gdp_growth,GDP growth,creative,yes,3.6654,world_bank,https://api.worldbank.org/v2/country/NPL/indicator/NY.GDP.MKTP.KD.ZG?format=json&mrv=30,World Bank WDI: GDP growth (annual %),2024-12-31,as_of 2024-12-31,international,direct,auto_seed=world_bank_wdi; indicator=NY.GDP.MKTP.KD.ZG; observation_year=2024; dataset_lastupdated=2026-02-24; stale=no
Nepal,gdp_growth_context,Economic growth momentum,pressure,no,3.67,derived,https://api.worldbank.org/v2/country/NPL/indicator/NY.GDP.MKTP.KD.ZG?format=json&mrv=30,World Bank WDI: GDP growth (annual %),2024-12-31,2024 annual,national,approved_proxy,
Nepal,gdp_per_capita_ppp,GDP per capita (PPP),creative,yes,5736.62,world_bank,https://api.worldbank.org/v2/country/NPL/indicator/NY.GDP.PCAP.PP.CD?format=json&mrv=30,"World Bank WDI: GDP per capita, PPP (current international $)",2024-12-31,as_of 2024-12-31,international,direct,auto_seed=world_bank_wdi; indicator=NY.GDP.PCAP.PP.CD; observation_year=2024; dataset_lastupdated=2026-02-24; stale=no
Nepal,gini_coefficient,Gini coefficient,capability,yes,30,world_bank,https://api.worldbank.org/v2/country/NPL/indicator/SI.POV.GINI?format=json&mrv=30,World Bank WDI: Gini index,2022-12-31,as_of 2022-12-31,international,direct,auto_seed=world_bank_wdi; indicator=SI.POV.GINI; observation_year=2022; dataset_lastupdated=2026-02-24; stale=no
Nepal,hanke_misery_raw,Macroeconomic stress (Hanke Misery Index),pressure,yes,24,national_statistical_office,https://fortune.com/2026/04/16/hanke-annual-misery-index-2025-venezuela-taiwan-rankings/,Hanke Annual Misery Index 2025 (estimated from IMF/WB/national-bank macroeconomic profile): Nepal ≈ 24,2025-12-31,2024 annual,national,approved_proxy,
Nepal,hospitality_belonging_raw,Hospitality and belonging,community,yes,37.7,derived,https://api.worldbank.org/v2/country/NPL/indicator/SM.POP.NETM?format=json&mrv=10,World Bank WDI: Net migration (proxy for hospitality/belonging — positive = welcoming),2024-12-31,2024 annual,national,approved_proxy,
Nepal,household_debt_proxy,Household debt proxy,pressure,yes,91.9385,world_bank,https://api.worldbank.org/v2/country/NPL/indicator/FD.AST.PRVT.GD.ZS?format=json&mrv=30,World Bank WDI: Domestic credit to private sector by banks (% of GDP) used as interim leverage proxy,2024-12-31,as_of 2024-12-31,international,approved_proxy,auto_seed=world_bank_wdi; proxy=broad_private_credit_not_household_only; indicator=FD.AST.PRVT.GD.ZS; observation_year=2024; dataset_lastupdated=2026-02-24; stale=no
Nepal,personal_safety_raw,Personal safety,viability,yes,2.13,derived,https://api.worldbank.org/v2/country/NPL/indicator/VC.IHR.PSRC.P5?format=json&mrv=10,"UNODC via World Bank WDI: Intentional homicides (per 100,000 people)",2024-12-31,2024 annual,national,approved_proxy,
Nepal,ppp_private_consumption,PPP private consumption factor,pressure,yes,35.285741,world_bank,https://api.worldbank.org/v2/country/NPL/indicator/PA.NUS.PRVT.PP?format=json&mrv=30,"World Bank WDI: PPP conversion factor, private consumption (LCU per international $)",2024-12-31,as_of 2024-12-31,international,direct,auto_seed=world_bank_wdi; indicator=PA.NUS.PRVT.PP; observation_year=2024; dataset_lastupdated=2026-02-24; stale=no
Nepal,tax_rate_assumption,Tax rate assumption,pressure,yes,0.139449,world_bank,https://api.worldbank.org/v2/country/NPL/indicator/GC.TAX.TOTL.GD.ZS?format=json&mrv=30,World Bank WDI: Tax revenue (% of GDP) used as interim country average tax-take proxy,2023-12-31,as_of 2023-12-31,international,approved_proxy,auto_seed=world_bank_wdi; proxy=country_average_tax_take_from_tax_revenue_share; indicator=GC.TAX.TOTL.GD.ZS; observation_year=2023; dataset_lastupdated=2026-02-24; stale=no
Netherlands,administrative_investment_friction_raw,Administrative and investment friction,creative,yes,0.71,derived,https://api.worldbank.org/v2/country/NLD/indicator/RQ.EST?format=json&mrv=10,World Bank WGI: Regulatory Quality (inverted as friction proxy),2024-12-31,2024 annual,national,approved_proxy,
Netherlands,civic_freedom_raw,Civic freedom and dignity (HRMI + Freedom House + V-Dem composite),community,yes,86,derived,https://rightstracker.org/,Civic Freedom Composite: 0.4 × HRMI Empowerment + 0.3 × Freedom House FIW + 0.3 × V-Dem Liberal Democracy Index (×100). Netherlands composite = 86,2024-12-31,2024 annual,national,approved_proxy,
Netherlands,climate_sunlight_livability_raw,Climate and sunlight livability,viability,no,46,national_statistical_office,https://worldweather.wmo.int,WMO/National Met: Climate livability composite,2024-12-31,2024 annual,national,approved_proxy,
Netherlands,cultural_public_life_raw,"Cultural, historic, and public-life vitality",community,yes,403.76,national_statistical_office,https://api.worldbank.org/v2/country/NLD/indicator/ST.INT.ARVL?format=json&mrv=10,World Bank WDI: International tourism arrivals per 1 000 population,2024-12-31,2024 annual,national,approved_proxy,
Netherlands,digital_infrastructure_raw,Digital infrastructure,viability,yes,43.26,derived,https://api.worldbank.org/v2/country/NLD/indicator/IT.NET.BBND.P2?format=json&mrv=10,World Bank WDI: Fixed broadband subscriptions (per 100 people),2024-12-31,2024 annual,national,approved_proxy,
Netherlands,entrepreneurial_dynamism_raw,Entrepreneurial dynamism,creative,yes,3.43,derived,https://api.worldbank.org/v2/country/NLD/indicator/IC.BUS.NDNS.ZS?format=json&mrv=10,"World Bank WDI: New business density (new registrations per 1,000 people ages 15-64)",2024-12-31,2024 annual,national,approved_proxy,
Netherlands,gdp_growth,GDP growth,creative,yes,1.081,world_bank,https://api.worldbank.org/v2/country/NLD/indicator/NY.GDP.MKTP.KD.ZG?format=json&mrv=30,World Bank WDI: GDP growth (annual %),2024-12-31,as_of 2024-12-31,international,direct,auto_seed=world_bank_wdi; indicator=NY.GDP.MKTP.KD.ZG; observation_year=2024; dataset_lastupdated=2026-02-24; stale=no
Netherlands,gdp_growth_context,Economic growth momentum,pressure,no,1.08,derived,https://api.worldbank.org/v2/country/NLD/indicator/NY.GDP.MKTP.KD.ZG?format=json&mrv=30,World Bank WDI: GDP growth (annual %),2024-12-31,2024 annual,national,approved_proxy,
Netherlands,gdp_per_capita_ppp,GDP per capita (PPP),creative,yes,86173.63,world_bank,https://api.worldbank.org/v2/country/NLD/indicator/NY.GDP.PCAP.PP.CD?format=json&mrv=30,"World Bank WDI: GDP per capita, PPP (current international $)",2024-12-31,as_of 2024-12-31,international,direct,auto_seed=world_bank_wdi; indicator=NY.GDP.PCAP.PP.CD; observation_year=2024; dataset_lastupdated=2026-02-24; stale=no
Netherlands,gini_coefficient,Gini coefficient,capability,yes,25.7,world_bank,https://api.worldbank.org/v2/country/NLD/indicator/SI.POV.GINI?format=json&mrv=30,World Bank WDI: Gini index,2021-12-31,as_of 2021-12-31,international,direct,auto_seed=world_bank_wdi; indicator=SI.POV.GINI; observation_year=2021; dataset_lastupdated=2026-02-24; stale=no
Netherlands,hanke_misery_raw,Macroeconomic stress (Hanke Misery Index),pressure,yes,14.5,national_statistical_office,https://fortune.com/2026/04/16/hanke-annual-misery-index-2025-venezuela-taiwan-rankings/,Hanke Annual Misery Index 2025 (estimated from IMF/WB/national-bank macroeconomic profile): Netherlands ≈ 14.5,2025-12-31,2024 annual,national,approved_proxy,
Netherlands,hospitality_belonging_raw,Hospitality and belonging,community,yes,55.82,derived,https://api.worldbank.org/v2/country/NLD/indicator/SM.POP.NETM?format=json&mrv=10,World Bank WDI: Net migration (proxy for hospitality/belonging — positive = welcoming),2024-12-31,2024 annual,national,approved_proxy,
Netherlands,household_debt_proxy,Household debt proxy,pressure,yes,82.3297,world_bank,https://api.worldbank.org/v2/country/NLD/indicator/FD.AST.PRVT.GD.ZS?format=json&mrv=30,World Bank WDI: Domestic credit to private sector by banks (% of GDP) used as interim leverage proxy,2024-12-31,as_of 2024-12-31,international,approved_proxy,auto_seed=world_bank_wdi; proxy=broad_private_credit_not_household_only; indicator=FD.AST.PRVT.GD.ZS; observation_year=2024; dataset_lastupdated=2026-02-24; stale=no
Netherlands,personal_safety_raw,Personal safety,viability,yes,0.69,derived,https://api.worldbank.org/v2/country/NLD/indicator/VC.IHR.PSRC.P5?format=json&mrv=10,"UNODC via World Bank WDI: Intentional homicides (per 100,000 people)",2024-12-31,2024 annual,national,approved_proxy,
Netherlands,ppp_private_consumption,PPP private consumption factor,pressure,yes,0.74195,world_bank,https://api.worldbank.org/v2/country/NLD/indicator/PA.NUS.PRVT.PP?format=json&mrv=30,"World Bank WDI: PPP conversion factor, private consumption (LCU per international $)",2024-12-31,as_of 2024-12-31,international,direct,auto_seed=world_bank_wdi; indicator=PA.NUS.PRVT.PP; observation_year=2024; dataset_lastupdated=2026-02-24; stale=no
Netherlands,tax_rate_assumption,Tax rate assumption,pressure,yes,0.25254,world_bank,https://api.worldbank.org/v2/country/NLD/indicator/GC.TAX.TOTL.GD.ZS?format=json&mrv=30,World Bank WDI: Tax revenue (% of GDP) used as interim country average tax-take proxy,2023-12-31,as_of 2023-12-31,international,approved_proxy,auto_seed=world_bank_wdi; proxy=country_average_tax_take_from_tax_revenue_share; indicator=GC.TAX.TOTL.GD.ZS; observation_year=2023; dataset_lastupdated=2026-02-24; stale=no
New Zealand,administrative_investment_friction_raw,Administrative and investment friction,creative,yes,0.59,derived,https://api.worldbank.org/v2/country/NZL/indicator/RQ.EST?format=json&mrv=10,World Bank WGI: Regulatory Quality (inverted as friction proxy),2024-12-31,2024 annual,national,approved_proxy,
New Zealand,civic_freedom_raw,Civic freedom and dignity (HRMI + Freedom House + V-Dem composite),community,yes,89,derived,https://rightstracker.org/,Civic Freedom Composite: 0.4 × HRMI Empowerment + 0.3 × Freedom House FIW + 0.3 × V-Dem Liberal Democracy Index (×100). New Zealand composite = 89,2024-12-31,2024 annual,national,approved_proxy,
New Zealand,cultural_public_life_raw,"Cultural, historic, and public-life vitality",community,yes,188.37,national_statistical_office,https://api.worldbank.org/v2/country/NZL/indicator/ST.INT.ARVL?format=json&mrv=10,World Bank WDI: International tourism arrivals per 1 000 population,2024-12-31,2024 annual,national,approved_proxy,
New Zealand,digital_infrastructure_raw,Digital infrastructure,viability,yes,37.85,derived,https://api.worldbank.org/v2/country/NZL/indicator/IT.NET.BBND.P2?format=json&mrv=10,World Bank WDI: Fixed broadband subscriptions (per 100 people),2024-12-31,2024 annual,national,approved_proxy,
New Zealand,gdp_growth,GDP growth,creative,yes,1.2886,world_bank,https://api.worldbank.org/v2/country/NZL/indicator/NY.GDP.MKTP.KD.ZG?format=json&mrv=30,World Bank WDI: GDP growth (annual %),2024-12-31,as_of 2024-12-31,international,direct,auto_seed=world_bank_wdi; indicator=NY.GDP.MKTP.KD.ZG; observation_year=2024; dataset_lastupdated=2026-02-24; stale=no
New Zealand,gdp_growth_context,Economic growth momentum,pressure,no,1.29,derived,https://api.worldbank.org/v2/country/NZL/indicator/NY.GDP.MKTP.KD.ZG?format=json&mrv=30,World Bank WDI: GDP growth (annual %),2024-12-31,2024 annual,national,approved_proxy,
New Zealand,gdp_per_capita_ppp,GDP per capita (PPP),creative,yes,55551.14,world_bank,https://api.worldbank.org/v2/country/NZL/indicator/NY.GDP.PCAP.PP.CD?format=json&mrv=30,"World Bank WDI: GDP per capita, PPP (current international $)",2024-12-31,as_of 2024-12-31,international,direct,auto_seed=world_bank_wdi; indicator=NY.GDP.PCAP.PP.CD; observation_year=2024; dataset_lastupdated=2026-02-24; stale=no
New Zealand,gini_coefficient,Gini coefficient,capability,yes,,,,,,,,,
New Zealand,hanke_misery_raw,Macroeconomic stress (Hanke Misery Index),pressure,yes,21.5,national_statistical_office,https://fortune.com/2026/04/16/hanke-annual-misery-index-2025-venezuela-taiwan-rankings/,Hanke Annual Misery Index 2025 (estimated from IMF/WB/national-bank macroeconomic profile): New Zealand ≈ 21.5,2025-12-31,2024 annual,national,approved_proxy,
New Zealand,hospitality_belonging_raw,Hospitality and belonging,community,yes,53.29,derived,https://api.worldbank.org/v2/country/NZL/indicator/SM.POP.NETM?format=json&mrv=10,World Bank WDI: Net migration (proxy for hospitality/belonging — positive = welcoming),2024-12-31,2024 annual,national,approved_proxy,
New Zealand,household_debt_proxy,Household debt proxy,pressure,yes,129.7971,world_bank,https://api.worldbank.org/v2/country/NZL/indicator/FD.AST.PRVT.GD.ZS?format=json&mrv=30,World Bank WDI: Domestic credit to private sector by banks (% of GDP) used as interim leverage proxy,2024-12-31,as_of 2024-12-31,international,approved_proxy,auto_seed=world_bank_wdi; proxy=broad_private_credit_not_household_only; indicator=FD.AST.PRVT.GD.ZS; observation_year=2024; dataset_lastupdated=2026-02-24; stale=no
New Zealand,personal_safety_raw,Personal safety,viability,yes,1.46,derived,https://api.worldbank.org/v2/country/NZL/indicator/VC.IHR.PSRC.P5?format=json&mrv=10,"UNODC via World Bank WDI: Intentional homicides (per 100,000 people)",2024-12-31,2024 annual,national,approved_proxy,
New Zealand,ppp_private_consumption,PPP private consumption factor,pressure,yes,1.499938,world_bank,https://api.worldbank.org/v2/country/NZL/indicator/PA.NUS.PRVT.PP?format=json&mrv=30,"World Bank WDI: PPP conversion factor, private consumption (LCU per international $)",2024-12-31,as_of 2024-12-31,international,direct,auto_seed=world_bank_wdi; indicator=PA.NUS.PRVT.PP; observation_year=2024; dataset_lastupdated=2026-02-24; stale=no
New Zealand,tax_rate_assumption,Tax rate assumption,pressure,yes,0.306678,world_bank,https://api.worldbank.org/v2/country/NZL/indicator/GC.TAX.TOTL.GD.ZS?format=json&mrv=30,World Bank WDI: Tax revenue (% of GDP) used as interim country average tax-take proxy,2023-12-31,as_of 2023-12-31,international,approved_proxy,auto_seed=world_bank_wdi; proxy=country_average_tax_take_from_tax_revenue_share; indicator=GC.TAX.TOTL.GD.ZS; observation_year=2023; dataset_lastupdated=2026-02-24; stale=no
New Zealand,working_time_pressure_raw,Working time pressure,pressure,yes,37.5,derived,https://www.stats.govt.nz/topics/labour-market,Stats NZ: average weekly hours worked,2024-12-31,2024 annual,national,approved_proxy,
Norway,civic_freedom_raw,Civic freedom and dignity (HRMI + Freedom House + V-Dem composite),community,yes,92,derived,https://rightstracker.org/,Civic Freedom Composite: 0.4 × HRMI Empowerment + 0.3 × Freedom House FIW + 0.3 × V-Dem Liberal Democracy Index (×100). Norway composite = 92,2024-12-31,2024 annual,national,approved_proxy,
Norway,gdp_growth,GDP growth,creative,yes,,,,,,,,,
Norway,gdp_per_capita_ppp,GDP per capita (PPP),creative,yes,,,,,,,,,
Norway,gini_coefficient,Gini coefficient,capability,yes,,,,,,,,,
Norway,hanke_misery_raw,Macroeconomic stress (Hanke Misery Index),pressure,yes,13.2,national_statistical_office,https://fortune.com/2026/04/16/hanke-annual-misery-index-2025-venezuela-taiwan-rankings/,Hanke Annual Misery Index 2025 (estimated from IMF/WB/national-bank macroeconomic profile): Norway ≈ 13.2,2025-12-31,2024 annual,national,approved_proxy,
Norway,hospitality_belonging_raw,Hospitality and belonging,community,yes,48,derived,https://pub.norden.org/,Norway: 11.2% working population reduced capacity due to work-related anxiety; widespread loneliness despite happiness rankings,2024-12-31,2024 annual,national,approved_proxy,
Norway,household_debt_proxy,Household debt proxy,pressure,yes,,,,,,,,,
Norway,ppp_private_consumption,PPP private consumption factor,pressure,yes,,,,,,,,,
Norway,tax_rate_assumption,Tax rate assumption,pressure,yes,,,,,,,,,
Oman,administrative_investment_friction_raw,Administrative and investment friction,creative,yes,2.07,derived,https://api.worldbank.org/v2/country/OMN/indicator/RQ.EST?format=json&mrv=10,World Bank WGI: Regulatory Quality (inverted as friction proxy),2024-12-31,2024 annual,national,approved_proxy,
Oman,civic_freedom_raw,Civic freedom and dignity (HRMI + Freedom House + V-Dem composite),community,yes,21,derived,https://rightstracker.org/,Civic Freedom Composite: 0.4 × HRMI Empowerment + 0.3 × Freedom House FIW + 0.3 × V-Dem Liberal Democracy Index (×100). Oman composite = 21,2024-12-31,2024 annual,national,approved_proxy,
Oman,cultural_public_life_raw,"Cultural, historic, and public-life vitality",community,yes,164.54,national_statistical_office,https://api.worldbank.org/v2/country/OMN/indicator/ST.INT.ARVL?format=json&mrv=10,World Bank WDI: International tourism arrivals per 1 000 population,2024-12-31,2024 annual,national,approved_proxy,
Oman,digital_infrastructure_raw,Digital infrastructure,viability,yes,10.88,derived,https://api.worldbank.org/v2/country/OMN/indicator/IT.NET.BBND.P2?format=json&mrv=10,World Bank WDI: Fixed broadband subscriptions (per 100 people),2024-12-31,2024 annual,national,approved_proxy,
Oman,entrepreneurial_dynamism_raw,Entrepreneurial dynamism,creative,yes,1.78,derived,https://api.worldbank.org/v2/country/OMN/indicator/IC.BUS.NDNS.ZS?format=json&mrv=10,"World Bank WDI: New business density (new registrations per 1,000 people ages 15-64)",2024-12-31,2024 annual,national,approved_proxy,
Oman,gdp_growth,GDP growth,creative,yes,1.6316,world_bank,https://api.worldbank.org/v2/country/OMN/indicator/NY.GDP.MKTP.KD.ZG?format=json&mrv=30,World Bank WDI: GDP growth (annual %),2024-12-31,as_of 2024-12-31,international,direct,auto_seed=world_bank_wdi; indicator=NY.GDP.MKTP.KD.ZG; observation_year=2024; dataset_lastupdated=2026-02-24; stale=no
Oman,gdp_growth_context,Economic growth momentum,pressure,no,1.63,derived,https://api.worldbank.org/v2/country/OMN/indicator/NY.GDP.MKTP.KD.ZG?format=json&mrv=30,World Bank WDI: GDP growth (annual %),2024-12-31,2024 annual,national,approved_proxy,
Oman,gdp_per_capita_ppp,GDP per capita (PPP),creative,yes,41740.17,world_bank,https://api.worldbank.org/v2/country/OMN/indicator/NY.GDP.PCAP.PP.CD?format=json&mrv=30,"World Bank WDI: GDP per capita, PPP (current international $)",2024-12-31,as_of 2024-12-31,international,direct,auto_seed=world_bank_wdi; indicator=NY.GDP.PCAP.PP.CD; observation_year=2024; dataset_lastupdated=2026-02-24; stale=no
Oman,gini_coefficient,Gini coefficient,capability,yes,,,,,,,,,
Oman,hanke_misery_raw,Macroeconomic stress (Hanke Misery Index),pressure,yes,13,national_statistical_office,https://fortune.com/2026/04/16/hanke-annual-misery-index-2025-venezuela-taiwan-rankings/,Hanke Annual Misery Index 2025 (estimated from IMF/WB/national-bank macroeconomic profile): Oman ≈ 13,2025-12-31,2024 annual,national,approved_proxy,
Oman,hospitality_belonging_raw,Hospitality and belonging,community,yes,55,derived,https://news.gallup.com/poll/,Gallup: Oman positive-experience index,2024-12-31,2024 annual,national,approved_proxy,
Oman,household_debt_proxy,Household debt proxy,pressure,yes,59.7083,world_bank,https://api.worldbank.org/v2/country/OMN/indicator/FD.AST.PRVT.GD.ZS?format=json&mrv=30,World Bank WDI: Domestic credit to private sector by banks (% of GDP) used as interim leverage proxy,2023-12-31,as_of 2023-12-31,international,approved_proxy,auto_seed=world_bank_wdi; proxy=broad_private_credit_not_household_only; indicator=FD.AST.PRVT.GD.ZS; observation_year=2023; dataset_lastupdated=2026-02-24; stale=no
Oman,personal_safety_raw,Personal safety,viability,yes,0.14,derived,https://api.worldbank.org/v2/country/OMN/indicator/VC.IHR.PSRC.P5?format=json&mrv=10,"UNODC via World Bank WDI: Intentional homicides (per 100,000 people)",2024-12-31,2024 annual,national,approved_proxy,
Oman,ppp_private_consumption,PPP private consumption factor,pressure,yes,0.184982,world_bank,https://api.worldbank.org/v2/country/OMN/indicator/PA.NUS.PRVT.PP?format=json&mrv=30,"World Bank WDI: PPP conversion factor, private consumption (LCU per international $)",2024-12-31,as_of 2024-12-31,international,direct,auto_seed=world_bank_wdi; indicator=PA.NUS.PRVT.PP; observation_year=2024; dataset_lastupdated=2026-02-24; stale=no
Oman,tax_rate_assumption,Tax rate assumption,pressure,yes,,,,,,,,,
Pakistan,administrative_investment_friction_raw,Administrative and investment friction,creative,yes,3.4,derived,https://api.worldbank.org/v2/country/PAK/indicator/RQ.EST?format=json&mrv=10,World Bank WGI: Regulatory Quality (inverted as friction proxy),2024-12-31,2024 annual,national,approved_proxy,
Pakistan,civic_freedom_raw,Civic freedom and dignity (HRMI + Freedom House + V-Dem composite),community,yes,38,derived,https://rightstracker.org/,Civic Freedom Composite: 0.4 × HRMI Empowerment + 0.3 × Freedom House FIW + 0.3 × V-Dem Liberal Democracy Index (×100). Pakistan composite = 38,2024-12-31,2024 annual,national,approved_proxy,
Pakistan,cultural_public_life_raw,"Cultural, historic, and public-life vitality",community,yes,30.61,derived,https://api.worldbank.org/v2/country/PAK/indicator/SP.POP.DPND?format=json&mrv=10,"World Bank WDI: Age dependency ratio (% of working-age population), inverted as social vitality proxy",2024-12-31,2024 annual,national,approved_proxy,
Pakistan,digital_infrastructure_raw,Digital infrastructure,viability,yes,1.36,derived,https://api.worldbank.org/v2/country/PAK/indicator/IT.NET.BBND.P2?format=json&mrv=10,World Bank WDI: Fixed broadband subscriptions (per 100 people),2024-12-31,2024 annual,national,approved_proxy,
Pakistan,entrepreneurial_dynamism_raw,Entrepreneurial dynamism,creative,yes,0.19,derived,https://api.worldbank.org/v2/country/PAK/indicator/IC.BUS.NDNS.ZS?format=json&mrv=10,"World Bank WDI: New business density (new registrations per 1,000 people ages 15-64)",2024-12-31,2024 annual,national,approved_proxy,
Pakistan,gdp_growth,GDP growth,creative,yes,3.049,world_bank,https://api.worldbank.org/v2/country/PAK/indicator/NY.GDP.MKTP.KD.ZG?format=json&mrv=30,World Bank WDI: GDP growth (annual %),2024-12-31,as_of 2024-12-31,international,direct,auto_seed=world_bank_wdi; indicator=NY.GDP.MKTP.KD.ZG; observation_year=2024; dataset_lastupdated=2026-02-24; stale=no
Pakistan,gdp_growth_context,Economic growth momentum,pressure,no,3.05,derived,https://api.worldbank.org/v2/country/PAK/indicator/NY.GDP.MKTP.KD.ZG?format=json&mrv=30,World Bank WDI: GDP growth (annual %),2024-12-31,2024 annual,national,approved_proxy,
Pakistan,gdp_per_capita_ppp,GDP per capita (PPP),creative,yes,6252.12,world_bank,https://api.worldbank.org/v2/country/PAK/indicator/NY.GDP.PCAP.PP.CD?format=json&mrv=30,"World Bank WDI: GDP per capita, PPP (current international $)",2024-12-31,as_of 2024-12-31,international,direct,auto_seed=world_bank_wdi; indicator=NY.GDP.PCAP.PP.CD; observation_year=2024; dataset_lastupdated=2026-02-24; stale=no
Pakistan,gini_coefficient,Gini coefficient,capability,yes,29.6,world_bank,https://api.worldbank.org/v2/country/PAK/indicator/SI.POV.GINI?format=json&mrv=30,World Bank WDI: Gini index,2018-12-31,as_of 2018-12-31,international,direct,auto_seed=world_bank_wdi; indicator=SI.POV.GINI; observation_year=2018; dataset_lastupdated=2026-02-24; stale=no
Pakistan,hanke_misery_raw,Macroeconomic stress (Hanke Misery Index),pressure,yes,50,national_statistical_office,https://fortune.com/2026/04/16/hanke-annual-misery-index-2025-venezuela-taiwan-rankings/,Hanke Annual Misery Index 2025 (estimated from IMF/WB/national-bank macroeconomic profile): Pakistan ≈ 50,2025-12-31,2024 annual,national,approved_proxy,
Pakistan,hospitality_belonging_raw,Hospitality and belonging,community,yes,45.08,derived,https://api.worldbank.org/v2/country/PAK/indicator/SM.POP.NETM?format=json&mrv=10,World Bank WDI: Net migration (proxy for hospitality/belonging — positive = welcoming),2024-12-31,2024 annual,national,approved_proxy,
Pakistan,household_debt_proxy,Household debt proxy,pressure,yes,11.3901,world_bank,https://api.worldbank.org/v2/country/PAK/indicator/FD.AST.PRVT.GD.ZS?format=json&mrv=30,World Bank WDI: Domestic credit to private sector by banks (% of GDP) used as interim leverage proxy,2024-12-31,as_of 2024-12-31,international,approved_proxy,auto_seed=world_bank_wdi; proxy=broad_private_credit_not_household_only; indicator=FD.AST.PRVT.GD.ZS; observation_year=2024; dataset_lastupdated=2026-02-24; stale=no
Pakistan,personal_safety_raw,Personal safety,viability,yes,4.33,derived,https://api.worldbank.org/v2/country/PAK/indicator/VC.IHR.PSRC.P5?format=json&mrv=10,"UNODC via World Bank WDI: Intentional homicides (per 100,000 people)",2024-12-31,2024 annual,national,approved_proxy,
Pakistan,ppp_private_consumption,PPP private consumption factor,pressure,yes,64.860994,world_bank,https://api.worldbank.org/v2/country/PAK/indicator/PA.NUS.PRVT.PP?format=json&mrv=30,"World Bank WDI: PPP conversion factor, private consumption (LCU per international $)",2024-12-31,as_of 2024-12-31,international,direct,auto_seed=world_bank_wdi; indicator=PA.NUS.PRVT.PP; observation_year=2024; dataset_lastupdated=2026-02-24; stale=no
Pakistan,tax_rate_assumption,Tax rate assumption,pressure,yes,,,,,,,,,
Panama,civic_freedom_raw,Civic freedom and dignity (HRMI + Freedom House + V-Dem composite),community,yes,68,derived,https://rightstracker.org/,Civic Freedom Composite: 0.4 × HRMI Empowerment + 0.3 × Freedom House FIW + 0.3 × V-Dem Liberal Democracy Index (×100). Panama composite = 68,2024-12-31,2024 annual,national,approved_proxy,
Panama,gdp_growth,GDP growth,creative,yes,2.7479,world_bank,https://api.worldbank.org/v2/country/PAN/indicator/NY.GDP.MKTP.KD.ZG?format=json&mrv=30,World Bank WDI: GDP growth (annual %),2024-12-31,as_of 2024-12-31,international,direct,auto_seed=world_bank_wdi; indicator=NY.GDP.MKTP.KD.ZG; observation_year=2024; dataset_lastupdated=2026-02-24; stale=no
Panama,gdp_growth_context,Economic growth momentum,pressure,no,2.75,derived,https://api.worldbank.org/v2/country/PAN/indicator/NY.GDP.MKTP.KD.ZG?format=json&mrv=30,World Bank WDI: GDP growth (annual %),2024-12-31,2024 annual,national,approved_proxy,
Panama,gdp_per_capita_ppp,GDP per capita (PPP),creative,yes,41369.42,world_bank,https://api.worldbank.org/v2/country/PAN/indicator/NY.GDP.PCAP.PP.CD?format=json&mrv=30,"World Bank WDI: GDP per capita, PPP (current international $)",2024-12-31,as_of 2024-12-31,international,direct,auto_seed=world_bank_wdi; indicator=NY.GDP.PCAP.PP.CD; observation_year=2024; dataset_lastupdated=2026-02-24; stale=no
Panama,gini_coefficient,Gini coefficient,capability,yes,49.7,world_bank,https://api.worldbank.org/v2/country/PAN/indicator/SI.POV.GINI?format=json&mrv=30,World Bank WDI: Gini index,2024-12-31,as_of 2024-12-31,international,direct,auto_seed=world_bank_wdi; indicator=SI.POV.GINI; observation_year=2024; dataset_lastupdated=2026-02-24; stale=no
Panama,hanke_misery_raw,Macroeconomic stress (Hanke Misery Index),pressure,yes,19,national_statistical_office,https://fortune.com/2026/04/16/hanke-annual-misery-index-2025-venezuela-taiwan-rankings/,Hanke Annual Misery Index 2025 (estimated from IMF/WB/national-bank macroeconomic profile): Panama ≈ 19,2025-12-31,2024 annual,national,approved_proxy,
Panama,household_debt_proxy,Household debt proxy,pressure,yes,68.0947,world_bank,https://api.worldbank.org/v2/country/PAN/indicator/FD.AST.PRVT.GD.ZS?format=json&mrv=30,World Bank WDI: Domestic credit to private sector by banks (% of GDP) used as interim leverage proxy,2024-12-31,as_of 2024-12-31,international,approved_proxy,auto_seed=world_bank_wdi; proxy=broad_private_credit_not_household_only; indicator=FD.AST.PRVT.GD.ZS; observation_year=2024; dataset_lastupdated=2026-02-24; stale=no
Panama,ppp_private_consumption,PPP private consumption factor,pressure,yes,0.511074,world_bank,https://api.worldbank.org/v2/country/PAN/indicator/PA.NUS.PRVT.PP?format=json&mrv=30,"World Bank WDI: PPP conversion factor, private consumption (LCU per international $)",2024-12-31,as_of 2024-12-31,international,direct,auto_seed=world_bank_wdi; indicator=PA.NUS.PRVT.PP; observation_year=2024; dataset_lastupdated=2026-02-24; stale=no
Panama,tax_rate_assumption,Tax rate assumption,pressure,yes,0.074606,world_bank,https://api.worldbank.org/v2/country/PAN/indicator/GC.TAX.TOTL.GD.ZS?format=json&mrv=30,World Bank WDI: Tax revenue (% of GDP) used as interim country average tax-take proxy,2021-12-31,as_of 2021-12-31,international,approved_proxy,auto_seed=world_bank_wdi; proxy=country_average_tax_take_from_tax_revenue_share; indicator=GC.TAX.TOTL.GD.ZS; observation_year=2021; dataset_lastupdated=2026-02-24; stale=no
Papua New Guinea,civic_freedom_raw,Civic freedom and dignity (HRMI + Freedom House + V-Dem composite),community,yes,55,derived,https://rightstracker.org/,Civic Freedom Composite: 0.4 × HRMI Empowerment + 0.3 × Freedom House FIW + 0.3 × V-Dem Liberal Democracy Index (×100). Papua New Guinea composite = 55,2024-12-31,2024 annual,national,approved_proxy,
Papua New Guinea,gdp_growth,GDP growth,creative,yes,,,,,,,,,
Papua New Guinea,gdp_per_capita_ppp,GDP per capita (PPP),creative,yes,,,,,,,,,
Papua New Guinea,gini_coefficient,Gini coefficient,capability,yes,,,,,,,,,
Papua New Guinea,hanke_misery_raw,Macroeconomic stress (Hanke Misery Index),pressure,yes,32,national_statistical_office,https://fortune.com/2026/04/16/hanke-annual-misery-index-2025-venezuela-taiwan-rankings/,Hanke Annual Misery Index 2025 (estimated from IMF/WB/national-bank macroeconomic profile): Papua New Guinea ≈ 32,2025-12-31,2024 annual,national,approved_proxy,
Papua New Guinea,household_debt_proxy,Household debt proxy,pressure,yes,,,,,,,,,
Papua New Guinea,ppp_private_consumption,PPP private consumption factor,pressure,yes,,,,,,,,,
Papua New Guinea,tax_rate_assumption,Tax rate assumption,pressure,yes,,,,,,,,,
Paraguay,civic_freedom_raw,Civic freedom and dignity (HRMI + Freedom House + V-Dem composite),community,yes,55,derived,https://rightstracker.org/,Civic Freedom Composite: 0.4 × HRMI Empowerment + 0.3 × Freedom House FIW + 0.3 × V-Dem Liberal Democracy Index (×100). Paraguay composite = 55,2024-12-31,2024 annual,national,approved_proxy,
Paraguay,gdp_growth,GDP growth,creative,yes,,,,,,,,,
Paraguay,gdp_per_capita_ppp,GDP per capita (PPP),creative,yes,,,,,,,,,
Paraguay,gini_coefficient,Gini coefficient,capability,yes,,,,,,,,,
Paraguay,hanke_misery_raw,Macroeconomic stress (Hanke Misery Index),pressure,yes,22,national_statistical_office,https://fortune.com/2026/04/16/hanke-annual-misery-index-2025-venezuela-taiwan-rankings/,Hanke Annual Misery Index 2025 (estimated from IMF/WB/national-bank macroeconomic profile): Paraguay ≈ 22,2025-12-31,2024 annual,national,approved_proxy,
Paraguay,household_debt_proxy,Household debt proxy,pressure,yes,,,,,,,,,
Paraguay,ppp_private_consumption,PPP private consumption factor,pressure,yes,,,,,,,,,
Paraguay,tax_rate_assumption,Tax rate assumption,pressure,yes,,,,,,,,,
Peru,administrative_investment_friction_raw,Administrative and investment friction,creative,yes,2.21,derived,https://api.worldbank.org/v2/country/PER/indicator/RQ.EST?format=json&mrv=10,World Bank WGI: Regulatory Quality (inverted as friction proxy),2024-12-31,2024 annual,national,approved_proxy,
Peru,civic_freedom_raw,Civic freedom and dignity (HRMI + Freedom House + V-Dem composite),community,yes,58,derived,https://rightstracker.org/,Civic Freedom Composite: 0.4 × HRMI Empowerment + 0.3 × Freedom House FIW + 0.3 × V-Dem Liberal Democracy Index (×100). Peru composite = 58,2024-12-31,2024 annual,national,approved_proxy,
Peru,cultural_public_life_raw,"Cultural, historic, and public-life vitality",community,yes,32.7,national_statistical_office,https://api.worldbank.org/v2/country/PER/indicator/ST.INT.ARVL?format=json&mrv=10,World Bank WDI: International tourism arrivals per 1 000 population,2024-12-31,2024 annual,national,approved_proxy,
Peru,digital_infrastructure_raw,Digital infrastructure,viability,yes,10.44,derived,https://api.worldbank.org/v2/country/PER/indicator/IT.NET.BBND.P2?format=json&mrv=10,World Bank WDI: Fixed broadband subscriptions (per 100 people),2024-12-31,2024 annual,national,approved_proxy,
Peru,entrepreneurial_dynamism_raw,Entrepreneurial dynamism,creative,yes,4.69,derived,https://api.worldbank.org/v2/country/PER/indicator/IC.BUS.NDNS.ZS?format=json&mrv=10,"World Bank WDI: New business density (new registrations per 1,000 people ages 15-64)",2024-12-31,2024 annual,national,approved_proxy,
Peru,gdp_growth,GDP growth,creative,yes,3.3039,world_bank,https://api.worldbank.org/v2/country/PER/indicator/NY.GDP.MKTP.KD.ZG?format=json&mrv=30,World Bank WDI: GDP growth (annual %),2024-12-31,as_of 2024-12-31,international,direct,auto_seed=world_bank_wdi; indicator=NY.GDP.MKTP.KD.ZG; observation_year=2024; dataset_lastupdated=2026-02-24; stale=no
Peru,gdp_growth_context,Economic growth momentum,pressure,no,3.3,derived,https://api.worldbank.org/v2/country/PER/indicator/NY.GDP.MKTP.KD.ZG?format=json&mrv=30,World Bank WDI: GDP growth (annual %),2024-12-31,2024 annual,national,approved_proxy,
Peru,gdp_per_capita_ppp,GDP per capita (PPP),creative,yes,17802.42,world_bank,https://api.worldbank.org/v2/country/PER/indicator/NY.GDP.PCAP.PP.CD?format=json&mrv=30,"World Bank WDI: GDP per capita, PPP (current international $)",2024-12-31,as_of 2024-12-31,international,direct,auto_seed=world_bank_wdi; indicator=NY.GDP.PCAP.PP.CD; observation_year=2024; dataset_lastupdated=2026-02-24; stale=no
Peru,gini_coefficient,Gini coefficient,capability,yes,40.1,world_bank,https://api.worldbank.org/v2/country/PER/indicator/SI.POV.GINI?format=json&mrv=30,World Bank WDI: Gini index,2024-12-31,as_of 2024-12-31,international,direct,auto_seed=world_bank_wdi; indicator=SI.POV.GINI; observation_year=2024; dataset_lastupdated=2026-02-24; stale=no
Peru,hanke_misery_raw,Macroeconomic stress (Hanke Misery Index),pressure,yes,23,national_statistical_office,https://fortune.com/2026/04/16/hanke-annual-misery-index-2025-venezuela-taiwan-rankings/,Hanke Annual Misery Index 2025 (estimated from IMF/WB/national-bank macroeconomic profile): Peru ≈ 23,2025-12-31,2024 annual,national,approved_proxy,
Peru,hospitality_belonging_raw,Hospitality and belonging,community,yes,50.35,derived,https://api.worldbank.org/v2/country/PER/indicator/SM.POP.NETM?format=json&mrv=10,World Bank WDI: Net migration (proxy for hospitality/belonging — positive = welcoming),2024-12-31,2024 annual,national,approved_proxy,
Peru,household_debt_proxy,Household debt proxy,pressure,yes,45.668,world_bank,https://api.worldbank.org/v2/country/PER/indicator/FD.AST.PRVT.GD.ZS?format=json&mrv=30,World Bank WDI: Domestic credit to private sector by banks (% of GDP) used as interim leverage proxy,2022-12-31,as_of 2022-12-31,international,approved_proxy,auto_seed=world_bank_wdi; proxy=broad_private_credit_not_household_only; indicator=FD.AST.PRVT.GD.ZS; observation_year=2022; dataset_lastupdated=2026-02-24; stale=no
Peru,personal_safety_raw,Personal safety,viability,yes,8.6,derived,https://api.worldbank.org/v2/country/PER/indicator/VC.IHR.PSRC.P5?format=json&mrv=10,"UNODC via World Bank WDI: Intentional homicides (per 100,000 people)",2024-12-31,2024 annual,national,approved_proxy,
Peru,ppp_private_consumption,PPP private consumption factor,pressure,yes,1.94918,world_bank,https://api.worldbank.org/v2/country/PER/indicator/PA.NUS.PRVT.PP?format=json&mrv=30,"World Bank WDI: PPP conversion factor, private consumption (LCU per international $)",2024-12-31,as_of 2024-12-31,international,direct,auto_seed=world_bank_wdi; indicator=PA.NUS.PRVT.PP; observation_year=2024; dataset_lastupdated=2026-02-24; stale=no
Peru,tax_rate_assumption,Tax rate assumption,pressure,yes,0.159243,world_bank,https://api.worldbank.org/v2/country/PER/indicator/GC.TAX.TOTL.GD.ZS?format=json&mrv=30,World Bank WDI: Tax revenue (% of GDP) used as interim country average tax-take proxy,2021-12-31,as_of 2021-12-31,international,approved_proxy,auto_seed=world_bank_wdi; proxy=country_average_tax_take_from_tax_revenue_share; indicator=GC.TAX.TOTL.GD.ZS; observation_year=2021; dataset_lastupdated=2026-02-24; stale=no
Philippines,administrative_investment_friction_raw,Administrative and investment friction,creative,yes,2.34,derived,https://api.worldbank.org/v2/country/PHL/indicator/RQ.EST?format=json&mrv=10,World Bank WGI: Regulatory Quality (inverted as friction proxy),2024-12-31,2024 annual,national,approved_proxy,
Philippines,civic_freedom_raw,Civic freedom and dignity (HRMI + Freedom House + V-Dem composite),community,yes,49,derived,https://rightstracker.org/,Civic Freedom Composite: 0.4 × HRMI Empowerment + 0.3 × Freedom House FIW + 0.3 × V-Dem Liberal Democracy Index (×100). Philippines composite = 49,2024-12-31,2024 annual,national,approved_proxy,
Philippines,cultural_public_life_raw,"Cultural, historic, and public-life vitality",community,yes,12.8,national_statistical_office,https://api.worldbank.org/v2/country/PHL/indicator/ST.INT.ARVL?format=json&mrv=10,World Bank WDI: International tourism arrivals per 1 000 population,2024-12-31,2024 annual,national,approved_proxy,
Philippines,digital_infrastructure_raw,Digital infrastructure,viability,yes,6.54,derived,https://api.worldbank.org/v2/country/PHL/indicator/IT.NET.BBND.P2?format=json&mrv=10,World Bank WDI: Fixed broadband subscriptions (per 100 people),2024-12-31,2024 annual,national,approved_proxy,
Philippines,entrepreneurial_dynamism_raw,Entrepreneurial dynamism,creative,yes,0.34,derived,https://api.worldbank.org/v2/country/PHL/indicator/IC.BUS.NDNS.ZS?format=json&mrv=10,"World Bank WDI: New business density (new registrations per 1,000 people ages 15-64)",2024-12-31,2024 annual,national,approved_proxy,
Philippines,gdp_growth,GDP growth,creative,yes,5.692,world_bank,https://api.worldbank.org/v2/country/PHL/indicator/NY.GDP.MKTP.KD.ZG?format=json&mrv=30,World Bank WDI: GDP growth (annual %),2024-12-31,as_of 2024-12-31,international,direct,auto_seed=world_bank_wdi; indicator=NY.GDP.MKTP.KD.ZG; observation_year=2024; dataset_lastupdated=2026-02-24; stale=no
Philippines,gdp_growth_context,Economic growth momentum,pressure,no,5.69,derived,https://api.worldbank.org/v2/country/PHL/indicator/NY.GDP.MKTP.KD.ZG?format=json&mrv=30,World Bank WDI: GDP growth (annual %),2024-12-31,2024 annual,national,approved_proxy,
Philippines,gdp_per_capita_ppp,GDP per capita (PPP),creative,yes,11794.14,world_bank,https://api.worldbank.org/v2/country/PHL/indicator/NY.GDP.PCAP.PP.CD?format=json&mrv=30,"World Bank WDI: GDP per capita, PPP (current international $)",2024-12-31,as_of 2024-12-31,international,direct,auto_seed=world_bank_wdi; indicator=NY.GDP.PCAP.PP.CD; observation_year=2024; dataset_lastupdated=2026-02-24; stale=no
Philippines,gini_coefficient,Gini coefficient,capability,yes,39.3,world_bank,https://api.worldbank.org/v2/country/PHL/indicator/SI.POV.GINI?format=json&mrv=30,World Bank WDI: Gini index,2023-12-31,as_of 2023-12-31,international,direct,auto_seed=world_bank_wdi; indicator=SI.POV.GINI; observation_year=2023; dataset_lastupdated=2026-02-24; stale=no
Philippines,hanke_misery_raw,Macroeconomic stress (Hanke Misery Index),pressure,yes,19,national_statistical_office,https://fortune.com/2026/04/16/hanke-annual-misery-index-2025-venezuela-taiwan-rankings/,Hanke Annual Misery Index 2025 (estimated from IMF/WB/national-bank macroeconomic profile): Philippines ≈ 19,2025-12-31,2024 annual,national,approved_proxy,
Philippines,hospitality_belonging_raw,Hospitality and belonging,community,yes,48.71,derived,https://api.worldbank.org/v2/country/PHL/indicator/SM.POP.NETM?format=json&mrv=10,World Bank WDI: Net migration (proxy for hospitality/belonging — positive = welcoming),2024-12-31,2024 annual,national,approved_proxy,
Philippines,household_debt_proxy,Household debt proxy,pressure,yes,49.8137,world_bank,https://api.worldbank.org/v2/country/PHL/indicator/FD.AST.PRVT.GD.ZS?format=json&mrv=30,World Bank WDI: Domestic credit to private sector by banks (% of GDP) used as interim leverage proxy,2024-12-31,as_of 2024-12-31,international,approved_proxy,auto_seed=world_bank_wdi; proxy=broad_private_credit_not_household_only; indicator=FD.AST.PRVT.GD.ZS; observation_year=2024; dataset_lastupdated=2026-02-24; stale=no
Philippines,personal_safety_raw,Personal safety,viability,yes,4.35,derived,https://api.worldbank.org/v2/country/PHL/indicator/VC.IHR.PSRC.P5?format=json&mrv=10,"UNODC via World Bank WDI: Intentional homicides (per 100,000 people)",2024-12-31,2024 annual,national,approved_proxy,
Philippines,ppp_private_consumption,PPP private consumption factor,pressure,yes,20.743506,world_bank,https://api.worldbank.org/v2/country/PHL/indicator/PA.NUS.PRVT.PP?format=json&mrv=30,"World Bank WDI: PPP conversion factor, private consumption (LCU per international $)",2024-12-31,as_of 2024-12-31,international,direct,auto_seed=world_bank_wdi; indicator=PA.NUS.PRVT.PP; observation_year=2024; dataset_lastupdated=2026-02-24; stale=no
Philippines,tax_rate_assumption,Tax rate assumption,pressure,yes,0.141044,world_bank,https://api.worldbank.org/v2/country/PHL/indicator/GC.TAX.TOTL.GD.ZS?format=json&mrv=30,World Bank WDI: Tax revenue (% of GDP) used as interim country average tax-take proxy,2023-12-31,as_of 2023-12-31,international,approved_proxy,auto_seed=world_bank_wdi; proxy=country_average_tax_take_from_tax_revenue_share; indicator=GC.TAX.TOTL.GD.ZS; observation_year=2023; dataset_lastupdated=2026-02-24; stale=no
Poland,administrative_investment_friction_raw,Administrative and investment friction,creative,yes,1.72,derived,https://api.worldbank.org/v2/country/POL/indicator/RQ.EST?format=json&mrv=10,World Bank WGI: Regulatory Quality (inverted as friction proxy),2024-12-31,2024 annual,national,approved_proxy,
Poland,civic_freedom_raw,Civic freedom and dignity (HRMI + Freedom House + V-Dem composite),community,yes,68,derived,https://rightstracker.org/,Civic Freedom Composite: 0.4 × HRMI Empowerment + 0.3 × Freedom House FIW + 0.3 × V-Dem Liberal Democracy Index (×100). Poland composite = 68,2024-12-31,2024 annual,national,approved_proxy,
Poland,cultural_public_life_raw,"Cultural, historic, and public-life vitality",community,yes,2421.14,national_statistical_office,https://api.worldbank.org/v2/country/POL/indicator/ST.INT.ARVL?format=json&mrv=10,World Bank WDI: International tourism arrivals per 1 000 population,2024-12-31,2024 annual,national,approved_proxy,
Poland,digital_infrastructure_raw,Digital infrastructure,viability,yes,26.11,derived,https://api.worldbank.org/v2/country/POL/indicator/IT.NET.BBND.P2?format=json&mrv=10,World Bank WDI: Fixed broadband subscriptions (per 100 people),2024-12-31,2024 annual,national,approved_proxy,
Poland,entrepreneurial_dynamism_raw,Entrepreneurial dynamism,creative,yes,2.16,derived,https://api.worldbank.org/v2/country/POL/indicator/IC.BUS.NDNS.ZS?format=json&mrv=10,"World Bank WDI: New business density (new registrations per 1,000 people ages 15-64)",2024-12-31,2024 annual,national,approved_proxy,
Poland,gdp_growth,GDP growth,creative,yes,3.0284,world_bank,https://api.worldbank.org/v2/country/POL/indicator/NY.GDP.MKTP.KD.ZG?format=json&mrv=30,World Bank WDI: GDP growth (annual %),2024-12-31,as_of 2024-12-31,international,direct,auto_seed=world_bank_wdi; indicator=NY.GDP.MKTP.KD.ZG; observation_year=2024; dataset_lastupdated=2026-02-24; stale=no
Poland,gdp_growth_context,Economic growth momentum,pressure,no,3.03,derived,https://api.worldbank.org/v2/country/POL/indicator/NY.GDP.MKTP.KD.ZG?format=json&mrv=30,World Bank WDI: GDP growth (annual %),2024-12-31,2024 annual,national,approved_proxy,
Poland,gdp_per_capita_ppp,GDP per capita (PPP),creative,yes,51262.51,world_bank,https://api.worldbank.org/v2/country/POL/indicator/NY.GDP.PCAP.PP.CD?format=json&mrv=30,"World Bank WDI: GDP per capita, PPP (current international $)",2024-12-31,as_of 2024-12-31,international,direct,auto_seed=world_bank_wdi; indicator=NY.GDP.PCAP.PP.CD; observation_year=2024; dataset_lastupdated=2026-02-24; stale=no
Poland,gini_coefficient,Gini coefficient,capability,yes,28.5,world_bank,https://api.worldbank.org/v2/country/POL/indicator/SI.POV.GINI?format=json&mrv=30,World Bank WDI: Gini index,2023-12-31,as_of 2023-12-31,international,direct,auto_seed=world_bank_wdi; indicator=SI.POV.GINI; observation_year=2023; dataset_lastupdated=2026-02-24; stale=no
Poland,hanke_misery_raw,Macroeconomic stress (Hanke Misery Index),pressure,yes,17.5,national_statistical_office,https://fortune.com/2026/04/16/hanke-annual-misery-index-2025-venezuela-taiwan-rankings/,Hanke Annual Misery Index 2025 (estimated from IMF/WB/national-bank macroeconomic profile): Poland ≈ 17.5,2025-12-31,2024 annual,national,approved_proxy,
Poland,hospitality_belonging_raw,Hospitality and belonging,community,yes,40.95,derived,https://api.worldbank.org/v2/country/POL/indicator/SM.POP.NETM?format=json&mrv=10,World Bank WDI: Net migration (proxy for hospitality/belonging — positive = welcoming),2024-12-31,2024 annual,national,approved_proxy,
Poland,household_debt_proxy,Household debt proxy,pressure,yes,33.5851,world_bank,https://api.worldbank.org/v2/country/POL/indicator/FD.AST.PRVT.GD.ZS?format=json&mrv=30,World Bank WDI: Domestic credit to private sector by banks (% of GDP) used as interim leverage proxy,2024-12-31,as_of 2024-12-31,international,approved_proxy,auto_seed=world_bank_wdi; proxy=broad_private_credit_not_household_only; indicator=FD.AST.PRVT.GD.ZS; observation_year=2024; dataset_lastupdated=2026-02-24; stale=no
Poland,personal_safety_raw,Personal safety,viability,yes,0.8,derived,https://api.worldbank.org/v2/country/POL/indicator/VC.IHR.PSRC.P5?format=json&mrv=10,"UNODC via World Bank WDI: Intentional homicides (per 100,000 people)",2024-12-31,2024 annual,national,approved_proxy,
Poland,ppp_private_consumption,PPP private consumption factor,pressure,yes,2.008043,world_bank,https://api.worldbank.org/v2/country/POL/indicator/PA.NUS.PRVT.PP?format=json&mrv=30,"World Bank WDI: PPP conversion factor, private consumption (LCU per international $)",2024-12-31,as_of 2024-12-31,international,direct,auto_seed=world_bank_wdi; indicator=PA.NUS.PRVT.PP; observation_year=2024; dataset_lastupdated=2026-02-24; stale=no
Poland,tax_rate_assumption,Tax rate assumption,pressure,yes,0.179988,world_bank,https://api.worldbank.org/v2/country/POL/indicator/GC.TAX.TOTL.GD.ZS?format=json&mrv=30,World Bank WDI: Tax revenue (% of GDP) used as interim country average tax-take proxy,2023-12-31,as_of 2023-12-31,international,approved_proxy,auto_seed=world_bank_wdi; proxy=country_average_tax_take_from_tax_revenue_share; indicator=GC.TAX.TOTL.GD.ZS; observation_year=2023; dataset_lastupdated=2026-02-24; stale=no
Portugal,administrative_investment_friction_raw,Administrative and investment friction,creative,yes,1.74,derived,https://api.worldbank.org/v2/country/PRT/indicator/RQ.EST?format=json&mrv=10,World Bank WGI: Regulatory Quality (inverted as friction proxy),2024-12-31,2024 annual,national,approved_proxy,
Portugal,civic_freedom_raw,Civic freedom and dignity (HRMI + Freedom House + V-Dem composite),community,yes,83,derived,https://rightstracker.org/,Civic Freedom Composite: 0.4 × HRMI Empowerment + 0.3 × Freedom House FIW + 0.3 × V-Dem Liberal Democracy Index (×100). Portugal composite = 83,2024-12-31,2024 annual,national,approved_proxy,
Portugal,cultural_public_life_raw,"Cultural, historic, and public-life vitality",community,yes,393.47,national_statistical_office,https://api.worldbank.org/v2/country/PRT/indicator/ST.INT.ARVL?format=json&mrv=10,World Bank WDI: International tourism arrivals per 1 000 population,2024-12-31,2024 annual,national,approved_proxy,
Portugal,digital_infrastructure_raw,Digital infrastructure,viability,yes,44.11,derived,https://api.worldbank.org/v2/country/PRT/indicator/IT.NET.BBND.P2?format=json&mrv=10,World Bank WDI: Fixed broadband subscriptions (per 100 people),2024-12-31,2024 annual,national,approved_proxy,
Portugal,entrepreneurial_dynamism_raw,Entrepreneurial dynamism,creative,yes,6.95,derived,https://api.worldbank.org/v2/country/PRT/indicator/IC.BUS.NDNS.ZS?format=json&mrv=10,"World Bank WDI: New business density (new registrations per 1,000 people ages 15-64)",2024-12-31,2024 annual,national,approved_proxy,
Portugal,gdp_growth,GDP growth,creative,yes,2.1397,world_bank,https://api.worldbank.org/v2/country/PRT/indicator/NY.GDP.MKTP.KD.ZG?format=json&mrv=30,World Bank WDI: GDP growth (annual %),2024-12-31,as_of 2024-12-31,international,direct,auto_seed=world_bank_wdi; indicator=NY.GDP.MKTP.KD.ZG; observation_year=2024; dataset_lastupdated=2026-02-24; stale=no
Portugal,gdp_growth_context,Economic growth momentum,pressure,no,2.14,derived,https://api.worldbank.org/v2/country/PRT/indicator/NY.GDP.MKTP.KD.ZG?format=json&mrv=30,World Bank WDI: GDP growth (annual %),2024-12-31,2024 annual,national,approved_proxy,
Portugal,gdp_per_capita_ppp,GDP per capita (PPP),creative,yes,51679.89,world_bank,https://api.worldbank.org/v2/country/PRT/indicator/NY.GDP.PCAP.PP.CD?format=json&mrv=30,"World Bank WDI: GDP per capita, PPP (current international $)",2024-12-31,as_of 2024-12-31,international,direct,auto_seed=world_bank_wdi; indicator=NY.GDP.PCAP.PP.CD; observation_year=2024; dataset_lastupdated=2026-02-24; stale=no
Portugal,gini_coefficient,Gini coefficient,capability,yes,33.9,world_bank,https://api.worldbank.org/v2/country/PRT/indicator/SI.POV.GINI?format=json&mrv=30,World Bank WDI: Gini index,2023-12-31,as_of 2023-12-31,international,direct,auto_seed=world_bank_wdi; indicator=SI.POV.GINI; observation_year=2023; dataset_lastupdated=2026-02-24; stale=no
Portugal,hanke_misery_raw,Macroeconomic stress (Hanke Misery Index),pressure,yes,18,national_statistical_office,https://fortune.com/2026/04/16/hanke-annual-misery-index-2025-venezuela-taiwan-rankings/,Hanke Annual Misery Index 2025 (estimated from IMF/WB/national-bank macroeconomic profile): Portugal ≈ 18,2025-12-31,2024 annual,national,approved_proxy,
Portugal,hospitality_belonging_raw,Hospitality and belonging,community,yes,51.54,derived,https://api.worldbank.org/v2/country/PRT/indicator/SM.POP.NETM?format=json&mrv=10,World Bank WDI: Net migration (proxy for hospitality/belonging — positive = welcoming),2024-12-31,2024 annual,national,approved_proxy,
Portugal,household_debt_proxy,Household debt proxy,pressure,yes,77.1375,world_bank,https://api.worldbank.org/v2/country/PRT/indicator/FD.AST.PRVT.GD.ZS?format=json&mrv=30,World Bank WDI: Domestic credit to private sector by banks (% of GDP) used as interim leverage proxy,2024-12-31,as_of 2024-12-31,international,approved_proxy,auto_seed=world_bank_wdi; proxy=broad_private_credit_not_household_only; indicator=FD.AST.PRVT.GD.ZS; observation_year=2024; dataset_lastupdated=2026-02-24; stale=no
Portugal,personal_safety_raw,Personal safety,viability,yes,0.72,derived,https://api.worldbank.org/v2/country/PRT/indicator/VC.IHR.PSRC.P5?format=json&mrv=10,"UNODC via World Bank WDI: Intentional homicides (per 100,000 people)",2024-12-31,2024 annual,national,approved_proxy,
Portugal,ppp_private_consumption,PPP private consumption factor,pressure,yes,0.558749,world_bank,https://api.worldbank.org/v2/country/PRT/indicator/PA.NUS.PRVT.PP?format=json&mrv=30,"World Bank WDI: PPP conversion factor, private consumption (LCU per international $)",2024-12-31,as_of 2024-12-31,international,direct,auto_seed=world_bank_wdi; indicator=PA.NUS.PRVT.PP; observation_year=2024; dataset_lastupdated=2026-02-24; stale=no
Portugal,tax_rate_assumption,Tax rate assumption,pressure,yes,0.226188,world_bank,https://api.worldbank.org/v2/country/PRT/indicator/GC.TAX.TOTL.GD.ZS?format=json&mrv=30,World Bank WDI: Tax revenue (% of GDP) used as interim country average tax-take proxy,2023-12-31,as_of 2023-12-31,international,approved_proxy,auto_seed=world_bank_wdi; proxy=country_average_tax_take_from_tax_revenue_share; indicator=GC.TAX.TOTL.GD.ZS; observation_year=2023; dataset_lastupdated=2026-02-24; stale=no
Puerto Rico,gdp_growth,GDP growth,creative,yes,3.1771,world_bank,https://api.worldbank.org/v2/country/PRI/indicator/NY.GDP.MKTP.KD.ZG?format=json&mrv=30,World Bank WDI: GDP growth (annual %),2024-12-31,as_of 2024-12-31,international,direct,auto_seed=world_bank_wdi; indicator=NY.GDP.MKTP.KD.ZG; observation_year=2024; dataset_lastupdated=2026-02-24; stale=no
Puerto Rico,gdp_growth_context,Economic growth momentum,pressure,no,3.18,derived,https://api.worldbank.org/v2/country/PRI/indicator/NY.GDP.MKTP.KD.ZG?format=json&mrv=30,World Bank WDI: GDP growth (annual %),2024-12-31,2024 annual,national,approved_proxy,
Puerto Rico,gdp_per_capita_ppp,GDP per capita (PPP),creative,yes,50247.85,world_bank,https://api.worldbank.org/v2/country/PRI/indicator/NY.GDP.PCAP.PP.CD?format=json&mrv=30,"World Bank WDI: GDP per capita, PPP (current international $)",2024-12-31,as_of 2024-12-31,international,direct,auto_seed=world_bank_wdi; indicator=NY.GDP.PCAP.PP.CD; observation_year=2024; dataset_lastupdated=2026-02-24; stale=no
Puerto Rico,gini_coefficient,Gini coefficient,capability,yes,,,,,,,,,
Puerto Rico,hanke_misery_raw,Macroeconomic stress (Hanke Misery Index),pressure,yes,24,national_statistical_office,https://fortune.com/2026/04/16/hanke-annual-misery-index-2025-venezuela-taiwan-rankings/,Hanke Annual Misery Index 2025 (estimated from IMF/WB/national-bank macroeconomic profile): Puerto Rico ≈ 24,2025-12-31,2024 annual,national,approved_proxy,
Puerto Rico,household_debt_proxy,Household debt proxy,pressure,yes,,,,,,,,,
Puerto Rico,ppp_private_consumption,PPP private consumption factor,pressure,yes,0.896932,world_bank,https://api.worldbank.org/v2/country/PRI/indicator/PA.NUS.PRVT.PP?format=json&mrv=30,"World Bank WDI: PPP conversion factor, private consumption (LCU per international $)",2021-12-31,as_of 2021-12-31,international,direct,auto_seed=world_bank_wdi; indicator=PA.NUS.PRVT.PP; observation_year=2021; dataset_lastupdated=2026-02-24; stale=yes
Puerto Rico,tax_rate_assumption,Tax rate assumption,pressure,yes,,,,,,,,,
Qatar,civic_freedom_raw,Civic freedom and dignity (HRMI + Freedom House + V-Dem composite),community,yes,23,derived,https://rightstracker.org/,Civic Freedom Composite: 0.4 × HRMI Empowerment + 0.3 × Freedom House FIW + 0.3 × V-Dem Liberal Democracy Index (×100). Qatar composite = 23,2024-12-31,2024 annual,national,approved_proxy,
Qatar,gdp_growth,GDP growth,creative,yes,2.3597,world_bank,https://api.worldbank.org/v2/country/QAT/indicator/NY.GDP.MKTP.KD.ZG?format=json&mrv=30,World Bank WDI: GDP growth (annual %),2024-12-31,as_of 2024-12-31,international,direct,auto_seed=world_bank_wdi; indicator=NY.GDP.MKTP.KD.ZG; observation_year=2024; dataset_lastupdated=2026-02-24; stale=no
Qatar,gdp_growth_context,Economic growth momentum,pressure,no,2.36,derived,https://api.worldbank.org/v2/country/QAT/indicator/NY.GDP.MKTP.KD.ZG?format=json&mrv=30,World Bank WDI: GDP growth (annual %),2024-12-31,2024 annual,national,approved_proxy,
Qatar,gdp_per_capita_ppp,GDP per capita (PPP),creative,yes,126046.35,world_bank,https://api.worldbank.org/v2/country/QAT/indicator/NY.GDP.PCAP.PP.CD?format=json&mrv=30,"World Bank WDI: GDP per capita, PPP (current international $)",2024-12-31,as_of 2024-12-31,international,direct,auto_seed=world_bank_wdi; indicator=NY.GDP.PCAP.PP.CD; observation_year=2024; dataset_lastupdated=2026-02-24; stale=no
Qatar,gini_coefficient,Gini coefficient,capability,yes,35.1,world_bank,https://api.worldbank.org/v2/country/QAT/indicator/SI.POV.GINI?format=json&mrv=30,World Bank WDI: Gini index,2017-12-31,as_of 2017-12-31,international,direct,auto_seed=world_bank_wdi; indicator=SI.POV.GINI; observation_year=2017; dataset_lastupdated=2026-02-24; stale=yes
Qatar,hanke_misery_raw,Macroeconomic stress (Hanke Misery Index),pressure,yes,7.24,derived,https://fortune.com/2026/04/16/hanke-annual-misery-index-2025-venezuela-taiwan-rankings/,Hanke Annual Misery Index 2025 (published): Qatar score 7.24,2025-12-31,2024 annual,national,approved_proxy,
Qatar,hospitality_belonging_raw,Hospitality and belonging,community,yes,48,derived,https://news.gallup.com/poll/,Gallup: Qatar positive-experience index (migrant-labour-adjusted),2024-12-31,2024 annual,national,approved_proxy,
Qatar,household_debt_proxy,Household debt proxy,pressure,yes,118.8652,world_bank,https://api.worldbank.org/v2/country/QAT/indicator/FD.AST.PRVT.GD.ZS?format=json&mrv=30,World Bank WDI: Domestic credit to private sector by banks (% of GDP) used as interim leverage proxy,2024-12-31,as_of 2024-12-31,international,approved_proxy,auto_seed=world_bank_wdi; proxy=broad_private_credit_not_household_only; indicator=FD.AST.PRVT.GD.ZS; observation_year=2024; dataset_lastupdated=2026-02-24; stale=no
Qatar,ppp_private_consumption,PPP private consumption factor,pressure,yes,2.755487,world_bank,https://api.worldbank.org/v2/country/QAT/indicator/PA.NUS.PRVT.PP?format=json&mrv=30,"World Bank WDI: PPP conversion factor, private consumption (LCU per international $)",2024-12-31,as_of 2024-12-31,international,direct,auto_seed=world_bank_wdi; indicator=PA.NUS.PRVT.PP; observation_year=2024; dataset_lastupdated=2026-02-24; stale=no
Qatar,tax_rate_assumption,Tax rate assumption,pressure,yes,,,,,,,,,
Romania,civic_freedom_raw,Civic freedom and dignity (HRMI + Freedom House + V-Dem composite),community,yes,70,derived,https://rightstracker.org/,Civic Freedom Composite: 0.4 × HRMI Empowerment + 0.3 × Freedom House FIW + 0.3 × V-Dem Liberal Democracy Index (×100). Romania composite = 70,2024-12-31,2024 annual,national,approved_proxy,
Romania,gdp_growth,GDP growth,creative,yes,0.916,world_bank,https://api.worldbank.org/v2/country/ROU/indicator/NY.GDP.MKTP.KD.ZG?format=json&mrv=30,World Bank WDI: GDP growth (annual %),2024-12-31,as_of 2024-12-31,international,direct,auto_seed=world_bank_wdi; indicator=NY.GDP.MKTP.KD.ZG; observation_year=2024; dataset_lastupdated=2026-02-24; stale=no
Romania,gdp_growth_context,Economic growth momentum,pressure,no,0.92,derived,https://api.worldbank.org/v2/country/ROU/indicator/NY.GDP.MKTP.KD.ZG?format=json&mrv=30,World Bank WDI: GDP growth (annual %),2024-12-31,2024 annual,national,approved_proxy,
Romania,gdp_per_capita_ppp,GDP per capita (PPP),creative,yes,49076.54,world_bank,https://api.worldbank.org/v2/country/ROU/indicator/NY.GDP.PCAP.PP.CD?format=json&mrv=30,"World Bank WDI: GDP per capita, PPP (current international $)",2024-12-31,as_of 2024-12-31,international,direct,auto_seed=world_bank_wdi; indicator=NY.GDP.PCAP.PP.CD; observation_year=2024; dataset_lastupdated=2026-02-24; stale=no
Romania,gini_coefficient,Gini coefficient,capability,yes,29.8,world_bank,https://api.worldbank.org/v2/country/ROU/indicator/SI.POV.GINI?format=json&mrv=30,World Bank WDI: Gini index,2023-12-31,as_of 2023-12-31,international,direct,auto_seed=world_bank_wdi; indicator=SI.POV.GINI; observation_year=2023; dataset_lastupdated=2026-02-24; stale=no
Romania,hanke_misery_raw,Macroeconomic stress (Hanke Misery Index),pressure,yes,18,national_statistical_office,https://fortune.com/2026/04/16/hanke-annual-misery-index-2025-venezuela-taiwan-rankings/,Hanke Annual Misery Index 2025 (estimated from IMF/WB/national-bank macroeconomic profile): Romania ≈ 18,2025-12-31,2024 annual,national,approved_proxy,
Romania,household_debt_proxy,Household debt proxy,pressure,yes,22.7281,world_bank,https://api.worldbank.org/v2/country/ROU/indicator/FD.AST.PRVT.GD.ZS?format=json&mrv=30,World Bank WDI: Domestic credit to private sector by banks (% of GDP) used as interim leverage proxy,2024-12-31,as_of 2024-12-31,international,approved_proxy,auto_seed=world_bank_wdi; proxy=broad_private_credit_not_household_only; indicator=FD.AST.PRVT.GD.ZS; observation_year=2024; dataset_lastupdated=2026-02-24; stale=no
Romania,ppp_private_consumption,PPP private consumption factor,pressure,yes,2.056572,world_bank,https://api.worldbank.org/v2/country/ROU/indicator/PA.NUS.PRVT.PP?format=json&mrv=30,"World Bank WDI: PPP conversion factor, private consumption (LCU per international $)",2024-12-31,as_of 2024-12-31,international,direct,auto_seed=world_bank_wdi; indicator=PA.NUS.PRVT.PP; observation_year=2024; dataset_lastupdated=2026-02-24; stale=no
Romania,tax_rate_assumption,Tax rate assumption,pressure,yes,0.162142,world_bank,https://api.worldbank.org/v2/country/ROU/indicator/GC.TAX.TOTL.GD.ZS?format=json&mrv=30,World Bank WDI: Tax revenue (% of GDP) used as interim country average tax-take proxy,2022-12-31,as_of 2022-12-31,international,approved_proxy,auto_seed=world_bank_wdi; proxy=country_average_tax_take_from_tax_revenue_share; indicator=GC.TAX.TOTL.GD.ZS; observation_year=2022; dataset_lastupdated=2026-02-24; stale=no
Russia,administrative_investment_friction_raw,Administrative and investment friction,creative,yes,3.62,derived,https://api.worldbank.org/v2/country/RUS/indicator/RQ.EST?format=json&mrv=10,World Bank WGI: Regulatory Quality (inverted as friction proxy),2024-12-31,2024 annual,national,approved_proxy,
Russia,civic_freedom_raw,Civic freedom and dignity (HRMI + Freedom House + V-Dem composite),community,yes,17,derived,https://rightstracker.org/,Civic Freedom Composite: 0.4 × HRMI Empowerment + 0.3 × Freedom House FIW + 0.3 × V-Dem Liberal Democracy Index (×100). Russia composite = 17,2024-12-31,2024 annual,national,approved_proxy,
Russia,cultural_public_life_raw,"Cultural, historic, and public-life vitality",community,yes,44.3,national_statistical_office,https://api.worldbank.org/v2/country/RUS/indicator/ST.INT.ARVL?format=json&mrv=10,World Bank WDI: International tourism arrivals per 1 000 population,2024-12-31,2024 annual,national,approved_proxy,
Russia,digital_infrastructure_raw,Digital infrastructure,viability,yes,25.82,derived,https://api.worldbank.org/v2/country/RUS/indicator/IT.NET.BBND.P2?format=json&mrv=10,World Bank WDI: Fixed broadband subscriptions (per 100 people),2024-12-31,2024 annual,national,approved_proxy,
Russia,entrepreneurial_dynamism_raw,Entrepreneurial dynamism,creative,yes,2.52,derived,https://api.worldbank.org/v2/country/RUS/indicator/IC.BUS.NDNS.ZS?format=json&mrv=10,"World Bank WDI: New business density (new registrations per 1,000 people ages 15-64)",2024-12-31,2024 annual,national,approved_proxy,
Russia,gdp_growth,GDP growth,creative,yes,4.3444,world_bank,https://api.worldbank.org/v2/country/RUS/indicator/NY.GDP.MKTP.KD.ZG?format=json&mrv=30,World Bank WDI: GDP growth (annual %),2024-12-31,as_of 2024-12-31,international,direct,auto_seed=world_bank_wdi; indicator=NY.GDP.MKTP.KD.ZG; observation_year=2024; dataset_lastupdated=2026-02-24; stale=no
Russia,gdp_growth_context,Economic growth momentum,pressure,no,4.34,derived,https://api.worldbank.org/v2/country/RUS/indicator/NY.GDP.MKTP.KD.ZG?format=json&mrv=30,World Bank WDI: GDP growth (annual %),2024-12-31,2024 annual,national,approved_proxy,
Russia,gdp_per_capita_ppp,GDP per capita (PPP),creative,yes,47404.96,world_bank,https://api.worldbank.org/v2/country/RUS/indicator/NY.GDP.PCAP.PP.CD?format=json&mrv=30,"World Bank WDI: GDP per capita, PPP (current international $)",2024-12-31,as_of 2024-12-31,international,direct,auto_seed=world_bank_wdi; indicator=NY.GDP.PCAP.PP.CD; observation_year=2024; dataset_lastupdated=2026-02-24; stale=no
Russia,gini_coefficient,Gini coefficient,capability,yes,33,world_bank,https://api.worldbank.org/v2/country/RUS/indicator/SI.POV.GINI?format=json&mrv=30,World Bank WDI: Gini index,2023-12-31,as_of 2023-12-31,international,direct,auto_seed=world_bank_wdi; indicator=SI.POV.GINI; observation_year=2023; dataset_lastupdated=2026-02-24; stale=no
Russia,hanke_misery_raw,Macroeconomic stress (Hanke Misery Index),pressure,yes,35,national_statistical_office,https://fortune.com/2026/04/16/hanke-annual-misery-index-2025-venezuela-taiwan-rankings/,Hanke Annual Misery Index 2025 (estimated from IMF/WB/national-bank macroeconomic profile): Russia ≈ 35,2025-12-31,2024 annual,national,approved_proxy,
Russia,hospitality_belonging_raw,Hospitality and belonging,community,yes,48.25,derived,https://api.worldbank.org/v2/country/RUS/indicator/SM.POP.NETM?format=json&mrv=10,World Bank WDI: Net migration (proxy for hospitality/belonging — positive = welcoming),2024-12-31,2024 annual,national,approved_proxy,
Russia,household_debt_proxy,Household debt proxy,pressure,yes,54.6413,world_bank,https://api.worldbank.org/v2/country/RUS/indicator/FD.AST.PRVT.GD.ZS?format=json&mrv=30,World Bank WDI: Domestic credit to private sector by banks (% of GDP) used as interim leverage proxy,2021-12-31,as_of 2021-12-31,international,approved_proxy,auto_seed=world_bank_wdi; proxy=broad_private_credit_not_household_only; indicator=FD.AST.PRVT.GD.ZS; observation_year=2021; dataset_lastupdated=2026-02-24; stale=no
Russia,personal_safety_raw,Personal safety,viability,yes,6.77,derived,https://api.worldbank.org/v2/country/RUS/indicator/VC.IHR.PSRC.P5?format=json&mrv=10,"UNODC via World Bank WDI: Intentional homicides (per 100,000 people)",2024-12-31,2024 annual,national,approved_proxy,
Russia,ppp_private_consumption,PPP private consumption factor,pressure,yes,29.049846,world_bank,https://api.worldbank.org/v2/country/RUS/indicator/PA.NUS.PRVT.PP?format=json&mrv=30,"World Bank WDI: PPP conversion factor, private consumption (LCU per international $)",2024-12-31,as_of 2024-12-31,international,direct,auto_seed=world_bank_wdi; indicator=PA.NUS.PRVT.PP; observation_year=2024; dataset_lastupdated=2026-02-24; stale=no
Russia,tax_rate_assumption,Tax rate assumption,pressure,yes,0.120728,world_bank,https://api.worldbank.org/v2/country/RUS/indicator/GC.TAX.TOTL.GD.ZS?format=json&mrv=30,World Bank WDI: Tax revenue (% of GDP) used as interim country average tax-take proxy,2023-12-31,as_of 2023-12-31,international,approved_proxy,auto_seed=world_bank_wdi; proxy=country_average_tax_take_from_tax_revenue_share; indicator=GC.TAX.TOTL.GD.ZS; observation_year=2023; dataset_lastupdated=2026-02-24; stale=no
Rwanda,civic_freedom_raw,Civic freedom and dignity (HRMI + Freedom House + V-Dem composite),community,yes,24,derived,https://rightstracker.org/,Civic Freedom Composite: 0.4 × HRMI Empowerment + 0.3 × Freedom House FIW + 0.3 × V-Dem Liberal Democracy Index (×100). Rwanda composite = 24,2024-12-31,2024 annual,national,approved_proxy,
Rwanda,gdp_growth,GDP growth,creative,yes,8.8907,world_bank,https://api.worldbank.org/v2/country/RWA/indicator/NY.GDP.MKTP.KD.ZG?format=json&mrv=30,World Bank WDI: GDP growth (annual %),2024-12-31,as_of 2024-12-31,international,direct,auto_seed=world_bank_wdi; indicator=NY.GDP.MKTP.KD.ZG; observation_year=2024; dataset_lastupdated=2026-02-24; stale=no
Rwanda,gdp_growth_context,Economic growth momentum,pressure,no,8.89,derived,https://api.worldbank.org/v2/country/RWA/indicator/NY.GDP.MKTP.KD.ZG?format=json&mrv=30,World Bank WDI: GDP growth (annual %),2024-12-31,2024 annual,national,approved_proxy,
Rwanda,gdp_per_capita_ppp,GDP per capita (PPP),creative,yes,3710.86,world_bank,https://api.worldbank.org/v2/country/RWA/indicator/NY.GDP.PCAP.PP.CD?format=json&mrv=30,"World Bank WDI: GDP per capita, PPP (current international $)",2024-12-31,as_of 2024-12-31,international,direct,auto_seed=world_bank_wdi; indicator=NY.GDP.PCAP.PP.CD; observation_year=2024; dataset_lastupdated=2026-02-24; stale=no
Rwanda,gini_coefficient,Gini coefficient,capability,yes,39.4,world_bank,https://api.worldbank.org/v2/country/RWA/indicator/SI.POV.GINI?format=json&mrv=30,World Bank WDI: Gini index,2023-12-31,as_of 2023-12-31,international,direct,auto_seed=world_bank_wdi; indicator=SI.POV.GINI; observation_year=2023; dataset_lastupdated=2026-02-24; stale=no
Rwanda,hanke_misery_raw,Macroeconomic stress (Hanke Misery Index),pressure,yes,22,national_statistical_office,https://fortune.com/2026/04/16/hanke-annual-misery-index-2025-venezuela-taiwan-rankings/,Hanke Annual Misery Index 2025 (estimated from IMF/WB/national-bank macroeconomic profile): Rwanda ≈ 22,2025-12-31,2024 annual,national,approved_proxy,
Rwanda,household_debt_proxy,Household debt proxy,pressure,yes,22.5267,world_bank,https://api.worldbank.org/v2/country/RWA/indicator/FD.AST.PRVT.GD.ZS?format=json&mrv=30,World Bank WDI: Domestic credit to private sector by banks (% of GDP) used as interim leverage proxy,2024-12-31,as_of 2024-12-31,international,approved_proxy,auto_seed=world_bank_wdi; proxy=broad_private_credit_not_household_only; indicator=FD.AST.PRVT.GD.ZS; observation_year=2024; dataset_lastupdated=2026-02-24; stale=no
Rwanda,ppp_private_consumption,PPP private consumption factor,pressure,yes,361.39523,world_bank,https://api.worldbank.org/v2/country/RWA/indicator/PA.NUS.PRVT.PP?format=json&mrv=30,"World Bank WDI: PPP conversion factor, private consumption (LCU per international $)",2024-12-31,as_of 2024-12-31,international,direct,auto_seed=world_bank_wdi; indicator=PA.NUS.PRVT.PP; observation_year=2024; dataset_lastupdated=2026-02-24; stale=no
Rwanda,tax_rate_assumption,Tax rate assumption,pressure,yes,0.135081,world_bank,https://api.worldbank.org/v2/country/RWA/indicator/GC.TAX.TOTL.GD.ZS?format=json&mrv=30,World Bank WDI: Tax revenue (% of GDP) used as interim country average tax-take proxy,2023-12-31,as_of 2023-12-31,international,approved_proxy,auto_seed=world_bank_wdi; proxy=country_average_tax_take_from_tax_revenue_share; indicator=GC.TAX.TOTL.GD.ZS; observation_year=2023; dataset_lastupdated=2026-02-24; stale=no
Samoa,civic_freedom_raw,Civic freedom and dignity (HRMI + Freedom House + V-Dem composite),community,yes,62,derived,https://rightstracker.org/,Civic Freedom Composite: 0.4 × HRMI Empowerment + 0.3 × Freedom House FIW + 0.3 × V-Dem Liberal Democracy Index (×100). Samoa composite = 62,2024-12-31,2024 annual,national,approved_proxy,
Samoa,gdp_growth,GDP growth,creative,yes,,,,,,,,,
Samoa,gdp_per_capita_ppp,GDP per capita (PPP),creative,yes,,,,,,,,,
Samoa,gini_coefficient,Gini coefficient,capability,yes,,,,,,,,,
Samoa,hanke_misery_raw,Macroeconomic stress (Hanke Misery Index),pressure,yes,24,national_statistical_office,https://fortune.com/2026/04/16/hanke-annual-misery-index-2025-venezuela-taiwan-rankings/,Hanke Annual Misery Index 2025 (estimated from IMF/WB/national-bank macroeconomic profile): Samoa ≈ 24,2025-12-31,2024 annual,national,approved_proxy,
Samoa,household_debt_proxy,Household debt proxy,pressure,yes,,,,,,,,,
Samoa,ppp_private_consumption,PPP private consumption factor,pressure,yes,,,,,,,,,
Samoa,tax_rate_assumption,Tax rate assumption,pressure,yes,,,,,,,,,
Saudi Arabia,administrative_investment_friction_raw,Administrative and investment friction,creative,yes,1.98,derived,https://api.worldbank.org/v2/country/SAU/indicator/RQ.EST?format=json&mrv=10,World Bank WGI: Regulatory Quality (inverted as friction proxy),2024-12-31,2024 annual,national,approved_proxy,
Saudi Arabia,civic_freedom_raw,Civic freedom and dignity (HRMI + Freedom House + V-Dem composite),community,yes,13,derived,https://rightstracker.org/,Civic Freedom Composite: 0.4 × HRMI Empowerment + 0.3 × Freedom House FIW + 0.3 × V-Dem Liberal Democracy Index (×100). Saudi Arabia composite = 13,2024-12-31,2024 annual,national,approved_proxy,
Saudi Arabia,cultural_public_life_raw,"Cultural, historic, and public-life vitality",community,yes,574.84,national_statistical_office,https://api.worldbank.org/v2/country/SAU/indicator/ST.INT.ARVL?format=json&mrv=10,World Bank WDI: International tourism arrivals per 1 000 population,2024-12-31,2024 annual,national,approved_proxy,
Saudi Arabia,digital_infrastructure_raw,Digital infrastructure,viability,yes,43.57,derived,https://api.worldbank.org/v2/country/SAU/indicator/IT.NET.BBND.P2?format=json&mrv=10,World Bank WDI: Fixed broadband subscriptions (per 100 people),2024-12-31,2024 annual,national,approved_proxy,
Saudi Arabia,entrepreneurial_dynamism_raw,Entrepreneurial dynamism,creative,yes,0.9,derived,https://api.worldbank.org/v2/country/SAU/indicator/IC.BUS.NDNS.ZS?format=json&mrv=10,"World Bank WDI: New business density (new registrations per 1,000 people ages 15-64)",2024-12-31,2024 annual,national,approved_proxy,
Saudi Arabia,gdp_growth,GDP growth,creative,yes,1.9965,world_bank,https://api.worldbank.org/v2/country/SAU/indicator/NY.GDP.MKTP.KD.ZG?format=json&mrv=30,World Bank WDI: GDP growth (annual %),2024-12-31,as_of 2024-12-31,international,direct,auto_seed=world_bank_wdi; indicator=NY.GDP.MKTP.KD.ZG; observation_year=2024; dataset_lastupdated=2026-02-24; stale=no
Saudi Arabia,gdp_growth_context,Economic growth momentum,pressure,no,2,derived,https://api.worldbank.org/v2/country/SAU/indicator/NY.GDP.MKTP.KD.ZG?format=json&mrv=30,World Bank WDI: GDP growth (annual %),2024-12-31,2024 annual,national,approved_proxy,
Saudi Arabia,gdp_per_capita_ppp,GDP per capita (PPP),creative,yes,71375.37,world_bank,https://api.worldbank.org/v2/country/SAU/indicator/NY.GDP.PCAP.PP.CD?format=json&mrv=30,"World Bank WDI: GDP per capita, PPP (current international $)",2024-12-31,as_of 2024-12-31,international,direct,auto_seed=world_bank_wdi; indicator=NY.GDP.PCAP.PP.CD; observation_year=2024; dataset_lastupdated=2026-02-24; stale=no
Saudi Arabia,gini_coefficient,Gini coefficient,capability,yes,,,,,,,,,
Saudi Arabia,hanke_misery_raw,Macroeconomic stress (Hanke Misery Index),pressure,yes,16,national_statistical_office,https://fortune.com/2026/04/16/hanke-annual-misery-index-2025-venezuela-taiwan-rankings/,Hanke Annual Misery Index 2025 (estimated from IMF/WB/national-bank macroeconomic profile): Saudi Arabia ≈ 16,2025-12-31,2024 annual,national,approved_proxy,
Saudi Arabia,hospitality_belonging_raw,Hospitality and belonging,community,yes,45,derived,https://news.gallup.com/poll/,Gallup: Saudi Arabia positive-experience index,2024-12-31,2024 annual,national,approved_proxy,
Saudi Arabia,household_debt_proxy,Household debt proxy,pressure,yes,50.1376,world_bank,https://api.worldbank.org/v2/country/SAU/indicator/FD.AST.PRVT.GD.ZS?format=json&mrv=30,World Bank WDI: Domestic credit to private sector by banks (% of GDP) used as interim leverage proxy,2017-12-31,as_of 2017-12-31,international,approved_proxy,auto_seed=world_bank_wdi; proxy=broad_private_credit_not_household_only; indicator=FD.AST.PRVT.GD.ZS; observation_year=2017; dataset_lastupdated=2026-02-24; stale=yes
Saudi Arabia,personal_safety_raw,Personal safety,viability,yes,0.94,derived,https://api.worldbank.org/v2/country/SAU/indicator/VC.IHR.PSRC.P5?format=json&mrv=10,"UNODC via World Bank WDI: Intentional homicides (per 100,000 people)",2024-12-31,2024 annual,national,approved_proxy,
Saudi Arabia,ppp_private_consumption,PPP private consumption factor,pressure,yes,1.882361,world_bank,https://api.worldbank.org/v2/country/SAU/indicator/PA.NUS.PRVT.PP?format=json&mrv=30,"World Bank WDI: PPP conversion factor, private consumption (LCU per international $)",2024-12-31,as_of 2024-12-31,international,direct,auto_seed=world_bank_wdi; indicator=PA.NUS.PRVT.PP; observation_year=2024; dataset_lastupdated=2026-02-24; stale=no
Saudi Arabia,tax_rate_assumption,Tax rate assumption,pressure,yes,0.081847,world_bank,https://api.worldbank.org/v2/country/SAU/indicator/GC.TAX.TOTL.GD.ZS?format=json&mrv=30,World Bank WDI: Tax revenue (% of GDP) used as interim country average tax-take proxy,2024-12-31,as_of 2024-12-31,international,approved_proxy,auto_seed=world_bank_wdi; proxy=country_average_tax_take_from_tax_revenue_share; indicator=GC.TAX.TOTL.GD.ZS; observation_year=2024; dataset_lastupdated=2026-02-24; stale=no
Senegal,civic_freedom_raw,Civic freedom and dignity (HRMI + Freedom House + V-Dem composite),community,yes,62,derived,https://rightstracker.org/,Civic Freedom Composite: 0.4 × HRMI Empowerment + 0.3 × Freedom House FIW + 0.3 × V-Dem Liberal Democracy Index (×100). Senegal composite = 62,2024-12-31,2024 annual,national,approved_proxy,
Senegal,gdp_growth,GDP growth,creative,yes,6.0606,world_bank,https://api.worldbank.org/v2/country/SEN/indicator/NY.GDP.MKTP.KD.ZG?format=json&mrv=30,World Bank WDI: GDP growth (annual %),2024-12-31,as_of 2024-12-31,international,direct,auto_seed=world_bank_wdi; indicator=NY.GDP.MKTP.KD.ZG; observation_year=2024; dataset_lastupdated=2026-02-24; stale=no
Senegal,gdp_growth_context,Economic growth momentum,pressure,no,6.06,derived,https://api.worldbank.org/v2/country/SEN/indicator/NY.GDP.MKTP.KD.ZG?format=json&mrv=30,World Bank WDI: GDP growth (annual %),2024-12-31,2024 annual,national,approved_proxy,
Senegal,gdp_per_capita_ppp,GDP per capita (PPP),creative,yes,5070.65,world_bank,https://api.worldbank.org/v2/country/SEN/indicator/NY.GDP.PCAP.PP.CD?format=json&mrv=30,"World Bank WDI: GDP per capita, PPP (current international $)",2024-12-31,as_of 2024-12-31,international,direct,auto_seed=world_bank_wdi; indicator=NY.GDP.PCAP.PP.CD; observation_year=2024; dataset_lastupdated=2026-02-24; stale=no
Senegal,gini_coefficient,Gini coefficient,capability,yes,36.2,world_bank,https://api.worldbank.org/v2/country/SEN/indicator/SI.POV.GINI?format=json&mrv=30,World Bank WDI: Gini index,2021-12-31,as_of 2021-12-31,international,direct,auto_seed=world_bank_wdi; indicator=SI.POV.GINI; observation_year=2021; dataset_lastupdated=2026-02-24; stale=no
Senegal,hanke_misery_raw,Macroeconomic stress (Hanke Misery Index),pressure,yes,26,national_statistical_office,https://fortune.com/2026/04/16/hanke-annual-misery-index-2025-venezuela-taiwan-rankings/,Hanke Annual Misery Index 2025 (estimated from IMF/WB/national-bank macroeconomic profile): Senegal ≈ 26,2025-12-31,2024 annual,national,approved_proxy,
Senegal,household_debt_proxy,Household debt proxy,pressure,yes,29.205,world_bank,https://api.worldbank.org/v2/country/SEN/indicator/FD.AST.PRVT.GD.ZS?format=json&mrv=30,World Bank WDI: Domestic credit to private sector by banks (% of GDP) used as interim leverage proxy,2024-12-31,as_of 2024-12-31,international,approved_proxy,auto_seed=world_bank_wdi; proxy=broad_private_credit_not_household_only; indicator=FD.AST.PRVT.GD.ZS; observation_year=2024; dataset_lastupdated=2026-02-24; stale=no
Senegal,ppp_private_consumption,PPP private consumption factor,pressure,yes,229.280958,world_bank,https://api.worldbank.org/v2/country/SEN/indicator/PA.NUS.PRVT.PP?format=json&mrv=30,"World Bank WDI: PPP conversion factor, private consumption (LCU per international $)",2024-12-31,as_of 2024-12-31,international,direct,auto_seed=world_bank_wdi; indicator=PA.NUS.PRVT.PP; observation_year=2024; dataset_lastupdated=2026-02-24; stale=no
Senegal,tax_rate_assumption,Tax rate assumption,pressure,yes,0.195371,world_bank,https://api.worldbank.org/v2/country/SEN/indicator/GC.TAX.TOTL.GD.ZS?format=json&mrv=30,World Bank WDI: Tax revenue (% of GDP) used as interim country average tax-take proxy,2023-12-31,as_of 2023-12-31,international,approved_proxy,auto_seed=world_bank_wdi; proxy=country_average_tax_take_from_tax_revenue_share; indicator=GC.TAX.TOTL.GD.ZS; observation_year=2023; dataset_lastupdated=2026-02-24; stale=no
Serbia,civic_freedom_raw,Civic freedom and dignity (HRMI + Freedom House + V-Dem composite),community,yes,50,derived,https://rightstracker.org/,Civic Freedom Composite: 0.4 × HRMI Empowerment + 0.3 × Freedom House FIW + 0.3 × V-Dem Liberal Democracy Index (×100). Serbia composite = 50,2024-12-31,2024 annual,national,approved_proxy,
Serbia,gdp_growth,GDP growth,creative,yes,3.9499,world_bank,https://api.worldbank.org/v2/country/SRB/indicator/NY.GDP.MKTP.KD.ZG?format=json&mrv=30,World Bank WDI: GDP growth (annual %),2024-12-31,as_of 2024-12-31,international,direct,auto_seed=world_bank_wdi; indicator=NY.GDP.MKTP.KD.ZG; observation_year=2024; dataset_lastupdated=2026-02-24; stale=no
Serbia,gdp_growth_context,Economic growth momentum,pressure,no,3.95,derived,https://api.worldbank.org/v2/country/SRB/indicator/NY.GDP.MKTP.KD.ZG?format=json&mrv=30,World Bank WDI: GDP growth (annual %),2024-12-31,2024 annual,national,approved_proxy,
Serbia,gdp_per_capita_ppp,GDP per capita (PPP),creative,yes,32832.18,world_bank,https://api.worldbank.org/v2/country/SRB/indicator/NY.GDP.PCAP.PP.CD?format=json&mrv=30,"World Bank WDI: GDP per capita, PPP (current international $)",2024-12-31,as_of 2024-12-31,international,direct,auto_seed=world_bank_wdi; indicator=NY.GDP.PCAP.PP.CD; observation_year=2024; dataset_lastupdated=2026-02-24; stale=no
Serbia,gini_coefficient,Gini coefficient,capability,yes,32.8,world_bank,https://api.worldbank.org/v2/country/SRB/indicator/SI.POV.GINI?format=json&mrv=30,World Bank WDI: Gini index,2022-12-31,as_of 2022-12-31,international,direct,auto_seed=world_bank_wdi; indicator=SI.POV.GINI; observation_year=2022; dataset_lastupdated=2026-02-24; stale=no
Serbia,hanke_misery_raw,Macroeconomic stress (Hanke Misery Index),pressure,yes,24,national_statistical_office,https://fortune.com/2026/04/16/hanke-annual-misery-index-2025-venezuela-taiwan-rankings/,Hanke Annual Misery Index 2025 (estimated from IMF/WB/national-bank macroeconomic profile): Serbia ≈ 24,2025-12-31,2024 annual,national,approved_proxy,
Serbia,household_debt_proxy,Household debt proxy,pressure,yes,32.6048,world_bank,https://api.worldbank.org/v2/country/SRB/indicator/FD.AST.PRVT.GD.ZS?format=json&mrv=30,World Bank WDI: Domestic credit to private sector by banks (% of GDP) used as interim leverage proxy,2024-12-31,as_of 2024-12-31,international,approved_proxy,auto_seed=world_bank_wdi; proxy=broad_private_credit_not_household_only; indicator=FD.AST.PRVT.GD.ZS; observation_year=2024; dataset_lastupdated=2026-02-24; stale=no
Serbia,ppp_private_consumption,PPP private consumption factor,pressure,yes,50.584223,world_bank,https://api.worldbank.org/v2/country/SRB/indicator/PA.NUS.PRVT.PP?format=json&mrv=30,"World Bank WDI: PPP conversion factor, private consumption (LCU per international $)",2024-12-31,as_of 2024-12-31,international,direct,auto_seed=world_bank_wdi; indicator=PA.NUS.PRVT.PP; observation_year=2024; dataset_lastupdated=2026-02-24; stale=no
Serbia,tax_rate_assumption,Tax rate assumption,pressure,yes,0.23893,world_bank,https://api.worldbank.org/v2/country/SRB/indicator/GC.TAX.TOTL.GD.ZS?format=json&mrv=30,World Bank WDI: Tax revenue (% of GDP) used as interim country average tax-take proxy,2022-12-31,as_of 2022-12-31,international,approved_proxy,auto_seed=world_bank_wdi; proxy=country_average_tax_take_from_tax_revenue_share; indicator=GC.TAX.TOTL.GD.ZS; observation_year=2022; dataset_lastupdated=2026-02-24; stale=no
Singapore,civic_freedom_raw,Civic freedom and dignity (HRMI + Freedom House + V-Dem composite),community,yes,39,derived,https://rightstracker.org/,Civic Freedom Composite: 0.4 × HRMI Empowerment + 0.3 × Freedom House FIW + 0.3 × V-Dem Liberal Democracy Index (×100). Singapore composite = 39,2024-12-31,2024 annual,national,approved_proxy,
Singapore,gdp_growth,GDP growth,creative,yes,4.388,world_bank,https://api.worldbank.org/v2/country/SGP/indicator/NY.GDP.MKTP.KD.ZG?format=json&mrv=30,World Bank WDI: GDP growth (annual %),2024-12-31,as_of 2024-12-31,international,direct,auto_seed=world_bank_wdi; indicator=NY.GDP.MKTP.KD.ZG; observation_year=2024; dataset_lastupdated=2026-02-24; stale=no
Singapore,gdp_growth_context,Economic growth momentum,pressure,no,4.39,derived,https://api.worldbank.org/v2/country/SGP/indicator/NY.GDP.MKTP.KD.ZG?format=json&mrv=30,World Bank WDI: GDP growth (annual %),2024-12-31,2024 annual,national,approved_proxy,
Singapore,gdp_per_capita_ppp,GDP per capita (PPP),creative,yes,150689.3,world_bank,https://api.worldbank.org/v2/country/SGP/indicator/NY.GDP.PCAP.PP.CD?format=json&mrv=30,"World Bank WDI: GDP per capita, PPP (current international $)",2024-12-31,as_of 2024-12-31,international,direct,auto_seed=world_bank_wdi; indicator=NY.GDP.PCAP.PP.CD; observation_year=2024; dataset_lastupdated=2026-02-24; stale=no
Singapore,gini_coefficient,Gini coefficient,capability,yes,,,,,,,,,
Singapore,hanke_misery_raw,Macroeconomic stress (Hanke Misery Index),pressure,yes,2.59,derived,https://fortune.com/2026/04/16/hanke-annual-misery-index-2025-venezuela-taiwan-rankings/,Hanke Annual Misery Index 2025 (published): Singapore score 2.59,2025-12-31,2024 annual,national,approved_proxy,
Singapore,hospitality_belonging_raw,Hospitality and belonging,community,yes,48,derived,https://news.gallup.com/poll/,Gallup Positive-Experience Index: Singapore adjusted for migrant-worker population (80% foreign-born in some estimates) often excluded from survey base,2024-12-31,2024 annual,national,approved_proxy,
Singapore,household_debt_proxy,Household debt proxy,pressure,yes,129.1908,world_bank,https://api.worldbank.org/v2/country/SGP/indicator/FD.AST.PRVT.GD.ZS?format=json&mrv=30,World Bank WDI: Domestic credit to private sector by banks (% of GDP) used as interim leverage proxy,2020-12-31,as_of 2020-12-31,international,approved_proxy,auto_seed=world_bank_wdi; proxy=broad_private_credit_not_household_only; indicator=FD.AST.PRVT.GD.ZS; observation_year=2020; dataset_lastupdated=2026-02-24; stale=no
Singapore,ppp_private_consumption,PPP private consumption factor,pressure,yes,1.04203,world_bank,https://api.worldbank.org/v2/country/SGP/indicator/PA.NUS.PRVT.PP?format=json&mrv=30,"World Bank WDI: PPP conversion factor, private consumption (LCU per international $)",2024-12-31,as_of 2024-12-31,international,direct,auto_seed=world_bank_wdi; indicator=PA.NUS.PRVT.PP; observation_year=2024; dataset_lastupdated=2026-02-24; stale=no
Singapore,tax_rate_assumption,Tax rate assumption,pressure,yes,0.141917,world_bank,https://api.worldbank.org/v2/country/SGP/indicator/GC.TAX.TOTL.GD.ZS?format=json&mrv=30,World Bank WDI: Tax revenue (% of GDP) used as interim country average tax-take proxy,2024-12-31,as_of 2024-12-31,international,approved_proxy,auto_seed=world_bank_wdi; proxy=country_average_tax_take_from_tax_revenue_share; indicator=GC.TAX.TOTL.GD.ZS; observation_year=2024; dataset_lastupdated=2026-02-24; stale=no
Singapore,working_time_pressure_raw,Working time pressure,pressure,yes,45.4,derived,https://pmc.ncbi.nlm.nih.gov/articles/PMC10291095/,PMC peer-reviewed: Singapore full-time avg 45.4 hrs/wk; 57% report long hours degrade work-life balance (prior 42.6 understated),2024-12-31,2024 annual,national,approved_proxy,
Slovakia,civic_freedom_raw,Civic freedom and dignity (HRMI + Freedom House + V-Dem composite),community,yes,75,derived,https://rightstracker.org/,Civic Freedom Composite: 0.4 × HRMI Empowerment + 0.3 × Freedom House FIW + 0.3 × V-Dem Liberal Democracy Index (×100). Slovakia composite = 75,2024-12-31,2024 annual,national,approved_proxy,
Slovakia,gdp_growth,GDP growth,creative,yes,1.9387,world_bank,https://api.worldbank.org/v2/country/SVK/indicator/NY.GDP.MKTP.KD.ZG?format=json&mrv=30,World Bank WDI: GDP growth (annual %),2024-12-31,as_of 2024-12-31,international,direct,auto_seed=world_bank_wdi; indicator=NY.GDP.MKTP.KD.ZG; observation_year=2024; dataset_lastupdated=2026-02-24; stale=no
Slovakia,gdp_growth_context,Economic growth momentum,pressure,no,1.94,derived,https://api.worldbank.org/v2/country/SVK/indicator/NY.GDP.MKTP.KD.ZG?format=json&mrv=30,World Bank WDI: GDP growth (annual %),2024-12-31,2024 annual,national,approved_proxy,
Slovakia,gdp_per_capita_ppp,GDP per capita (PPP),creative,yes,48132.36,world_bank,https://api.worldbank.org/v2/country/SVK/indicator/NY.GDP.PCAP.PP.CD?format=json&mrv=30,"World Bank WDI: GDP per capita, PPP (current international $)",2024-12-31,as_of 2024-12-31,international,direct,auto_seed=world_bank_wdi; indicator=NY.GDP.PCAP.PP.CD; observation_year=2024; dataset_lastupdated=2026-02-24; stale=no
Slovakia,gini_coefficient,Gini coefficient,capability,yes,23.8,world_bank,https://api.worldbank.org/v2/country/SVK/indicator/SI.POV.GINI?format=json&mrv=30,World Bank WDI: Gini index,2023-12-31,as_of 2023-12-31,international,direct,auto_seed=world_bank_wdi; indicator=SI.POV.GINI; observation_year=2023; dataset_lastupdated=2026-02-24; stale=no
Slovakia,hanke_misery_raw,Macroeconomic stress (Hanke Misery Index),pressure,yes,21,national_statistical_office,https://fortune.com/2026/04/16/hanke-annual-misery-index-2025-venezuela-taiwan-rankings/,Hanke Annual Misery Index 2025 (estimated from IMF/WB/national-bank macroeconomic profile): Slovakia ≈ 21,2025-12-31,2024 annual,national,approved_proxy,
Slovakia,household_debt_proxy,Household debt proxy,pressure,yes,59.6386,world_bank,https://api.worldbank.org/v2/country/SVK/indicator/FD.AST.PRVT.GD.ZS?format=json&mrv=30,World Bank WDI: Domestic credit to private sector by banks (% of GDP) used as interim leverage proxy,2024-12-31,as_of 2024-12-31,international,approved_proxy,auto_seed=world_bank_wdi; proxy=broad_private_credit_not_household_only; indicator=FD.AST.PRVT.GD.ZS; observation_year=2024; dataset_lastupdated=2026-02-24; stale=no
Slovakia,ppp_private_consumption,PPP private consumption factor,pressure,yes,0.545311,world_bank,https://api.worldbank.org/v2/country/SVK/indicator/PA.NUS.PRVT.PP?format=json&mrv=30,"World Bank WDI: PPP conversion factor, private consumption (LCU per international $)",2024-12-31,as_of 2024-12-31,international,direct,auto_seed=world_bank_wdi; indicator=PA.NUS.PRVT.PP; observation_year=2024; dataset_lastupdated=2026-02-24; stale=no
Slovakia,tax_rate_assumption,Tax rate assumption,pressure,yes,0.193079,world_bank,https://api.worldbank.org/v2/country/SVK/indicator/GC.TAX.TOTL.GD.ZS?format=json&mrv=30,World Bank WDI: Tax revenue (% of GDP) used as interim country average tax-take proxy,2023-12-31,as_of 2023-12-31,international,approved_proxy,auto_seed=world_bank_wdi; proxy=country_average_tax_take_from_tax_revenue_share; indicator=GC.TAX.TOTL.GD.ZS; observation_year=2023; dataset_lastupdated=2026-02-24; stale=no
Slovenia,civic_freedom_raw,Civic freedom and dignity (HRMI + Freedom House + V-Dem composite),community,yes,80,derived,https://rightstracker.org/,Civic Freedom Composite: 0.4 × HRMI Empowerment + 0.3 × Freedom House FIW + 0.3 × V-Dem Liberal Democracy Index (×100). Slovenia composite = 80,2024-12-31,2024 annual,national,approved_proxy,
Slovenia,gdp_growth,GDP growth,creative,yes,,,,,,,,,
Slovenia,gdp_per_capita_ppp,GDP per capita (PPP),creative,yes,,,,,,,,,
Slovenia,gini_coefficient,Gini coefficient,capability,yes,,,,,,,,,
Slovenia,hanke_misery_raw,Macroeconomic stress (Hanke Misery Index),pressure,yes,16.5,national_statistical_office,https://fortune.com/2026/04/16/hanke-annual-misery-index-2025-venezuela-taiwan-rankings/,Hanke Annual Misery Index 2025 (estimated from IMF/WB/national-bank macroeconomic profile): Slovenia ≈ 16.5,2025-12-31,2024 annual,national,approved_proxy,
Slovenia,household_debt_proxy,Household debt proxy,pressure,yes,,,,,,,,,
Slovenia,ppp_private_consumption,PPP private consumption factor,pressure,yes,,,,,,,,,
Slovenia,tax_rate_assumption,Tax rate assumption,pressure,yes,,,,,,,,,
South Africa,administrative_investment_friction_raw,Administrative and investment friction,creative,yes,2.72,derived,https://api.worldbank.org/v2/country/ZAF/indicator/RQ.EST?format=json&mrv=10,World Bank WGI: Regulatory Quality (inverted as friction proxy),2024-12-31,2024 annual,national,approved_proxy,
South Africa,civic_freedom_raw,Civic freedom and dignity (HRMI + Freedom House + V-Dem composite),community,yes,72,derived,https://rightstracker.org/,Civic Freedom Composite: 0.4 × HRMI Empowerment + 0.3 × Freedom House FIW + 0.3 × V-Dem Liberal Democracy Index (×100). South Africa composite = 72,2024-12-31,2024 annual,national,approved_proxy,
South Africa,cultural_public_life_raw,"Cultural, historic, and public-life vitality",community,yes,60.72,national_statistical_office,https://api.worldbank.org/v2/country/ZAF/indicator/ST.INT.ARVL?format=json&mrv=10,World Bank WDI: International tourism arrivals per 1 000 population,2024-12-31,2024 annual,national,approved_proxy,
South Africa,digital_infrastructure_raw,Digital infrastructure,viability,yes,3.41,derived,https://api.worldbank.org/v2/country/ZAF/indicator/IT.NET.BBND.P2?format=json&mrv=10,World Bank WDI: Fixed broadband subscriptions (per 100 people),2024-12-31,2024 annual,national,approved_proxy,
South Africa,entrepreneurial_dynamism_raw,Entrepreneurial dynamism,creative,yes,11.05,derived,https://api.worldbank.org/v2/country/ZAF/indicator/IC.BUS.NDNS.ZS?format=json&mrv=10,"World Bank WDI: New business density (new registrations per 1,000 people ages 15-64)",2024-12-31,2024 annual,national,approved_proxy,
South Africa,gdp_growth,GDP growth,creative,yes,0.5348,world_bank,https://api.worldbank.org/v2/country/ZAF/indicator/NY.GDP.MKTP.KD.ZG?format=json&mrv=30,World Bank WDI: GDP growth (annual %),2024-12-31,as_of 2024-12-31,international,direct,auto_seed=world_bank_wdi; indicator=NY.GDP.MKTP.KD.ZG; observation_year=2024; dataset_lastupdated=2026-02-24; stale=no
South Africa,gdp_growth_context,Economic growth momentum,pressure,no,0.53,derived,https://api.worldbank.org/v2/country/ZAF/indicator/NY.GDP.MKTP.KD.ZG?format=json&mrv=30,World Bank WDI: GDP growth (annual %),2024-12-31,2024 annual,national,approved_proxy,
South Africa,gdp_per_capita_ppp,GDP per capita (PPP),creative,yes,15456.2,world_bank,https://api.worldbank.org/v2/country/ZAF/indicator/NY.GDP.PCAP.PP.CD?format=json&mrv=30,"World Bank WDI: GDP per capita, PPP (current international $)",2024-12-31,as_of 2024-12-31,international,direct,auto_seed=world_bank_wdi; indicator=NY.GDP.PCAP.PP.CD; observation_year=2024; dataset_lastupdated=2026-02-24; stale=no
South Africa,gini_coefficient,Gini coefficient,capability,yes,63,world_bank,https://api.worldbank.org/v2/country/ZAF/indicator/SI.POV.GINI?format=json&mrv=30,World Bank WDI: Gini index,2014-12-31,as_of 2014-12-31,international,direct,auto_seed=world_bank_wdi; indicator=SI.POV.GINI; observation_year=2014; dataset_lastupdated=2026-02-24; stale=yes
South Africa,hanke_misery_raw,Macroeconomic stress (Hanke Misery Index),pressure,yes,79.03,derived,https://fortune.com/2026/04/16/hanke-annual-misery-index-2025-venezuela-taiwan-rankings/,Hanke Annual Misery Index 2025 (published): South Africa score 79.03,2025-12-31,2024 annual,national,approved_proxy,
South Africa,hospitality_belonging_raw,Hospitality and belonging,community,yes,52.29,derived,https://api.worldbank.org/v2/country/ZAF/indicator/SM.POP.NETM?format=json&mrv=10,World Bank WDI: Net migration (proxy for hospitality/belonging — positive = welcoming),2024-12-31,2024 annual,national,approved_proxy,
South Africa,household_debt_proxy,Household debt proxy,pressure,yes,57.4717,world_bank,https://api.worldbank.org/v2/country/ZAF/indicator/FD.AST.PRVT.GD.ZS?format=json&mrv=30,World Bank WDI: Domestic credit to private sector by banks (% of GDP) used as interim leverage proxy,2024-12-31,as_of 2024-12-31,international,approved_proxy,auto_seed=world_bank_wdi; proxy=broad_private_credit_not_household_only; indicator=FD.AST.PRVT.GD.ZS; observation_year=2024; dataset_lastupdated=2026-02-24; stale=no
South Africa,personal_safety_raw,Personal safety,viability,yes,43.72,derived,https://api.worldbank.org/v2/country/ZAF/indicator/VC.IHR.PSRC.P5?format=json&mrv=10,"UNODC via World Bank WDI: Intentional homicides (per 100,000 people)",2024-12-31,2024 annual,national,approved_proxy,
South Africa,ppp_private_consumption,PPP private consumption factor,pressure,yes,7.701915,world_bank,https://api.worldbank.org/v2/country/ZAF/indicator/PA.NUS.PRVT.PP?format=json&mrv=30,"World Bank WDI: PPP conversion factor, private consumption (LCU per international $)",2024-12-31,as_of 2024-12-31,international,direct,auto_seed=world_bank_wdi; indicator=PA.NUS.PRVT.PP; observation_year=2024; dataset_lastupdated=2026-02-24; stale=no
South Africa,tax_rate_assumption,Tax rate assumption,pressure,yes,0.254005,world_bank,https://api.worldbank.org/v2/country/ZAF/indicator/GC.TAX.TOTL.GD.ZS?format=json&mrv=30,World Bank WDI: Tax revenue (% of GDP) used as interim country average tax-take proxy,2023-12-31,as_of 2023-12-31,international,approved_proxy,auto_seed=world_bank_wdi; proxy=country_average_tax_take_from_tax_revenue_share; indicator=GC.TAX.TOTL.GD.ZS; observation_year=2023; dataset_lastupdated=2026-02-24; stale=no
South Korea,administrative_investment_friction_raw,Administrative and investment friction,creative,yes,1.38,derived,https://api.worldbank.org/v2/country/KOR/indicator/RQ.EST?format=json&mrv=10,World Bank WGI: Regulatory Quality (inverted as friction proxy),2024-12-31,2024 annual,national,approved_proxy,
South Korea,civic_freedom_raw,Civic freedom and dignity (HRMI + Freedom House + V-Dem composite),community,yes,72,derived,https://rightstracker.org/,Civic Freedom Composite: 0.4 × HRMI Empowerment + 0.3 × Freedom House FIW + 0.3 × V-Dem Liberal Democracy Index (×100). South Korea composite = 72,2024-12-31,2024 annual,national,approved_proxy,
South Korea,digital_infrastructure_raw,Digital infrastructure,viability,yes,46.57,derived,https://api.worldbank.org/v2/country/KOR/indicator/IT.NET.BBND.P2?format=json&mrv=10,World Bank WDI: Fixed broadband subscriptions (per 100 people),2024-12-31,2024 annual,national,approved_proxy,
South Korea,entrepreneurial_dynamism_raw,Entrepreneurial dynamism,creative,yes,3.09,derived,https://api.worldbank.org/v2/country/KOR/indicator/IC.BUS.NDNS.ZS?format=json&mrv=10,"World Bank WDI: New business density (new registrations per 1,000 people ages 15-64)",2024-12-31,2024 annual,national,approved_proxy,
South Korea,gdp_growth,GDP growth,creative,yes,2.0036,world_bank,https://api.worldbank.org/v2/country/KOR/indicator/NY.GDP.MKTP.KD.ZG?format=json&mrv=30,World Bank WDI: GDP growth (annual %),2024-12-31,as_of 2024-12-31,international,direct,auto_seed=world_bank_wdi; indicator=NY.GDP.MKTP.KD.ZG; observation_year=2024; dataset_lastupdated=2026-02-24; stale=no
South Korea,gdp_growth_context,Economic growth momentum,pressure,no,2,derived,https://api.worldbank.org/v2/country/KOR/indicator/NY.GDP.MKTP.KD.ZG?format=json&mrv=30,World Bank WDI: GDP growth (annual %),2024-12-31,2024 annual,national,approved_proxy,
South Korea,gdp_per_capita_ppp,GDP per capita (PPP),creative,yes,61051.35,world_bank,https://api.worldbank.org/v2/country/KOR/indicator/NY.GDP.PCAP.PP.CD?format=json&mrv=30,"World Bank WDI: GDP per capita, PPP (current international $)",2024-12-31,as_of 2024-12-31,international,direct,auto_seed=world_bank_wdi; indicator=NY.GDP.PCAP.PP.CD; observation_year=2024; dataset_lastupdated=2026-02-24; stale=no
South Korea,gini_coefficient,Gini coefficient,capability,yes,32.9,world_bank,https://api.worldbank.org/v2/country/KOR/indicator/SI.POV.GINI?format=json&mrv=30,World Bank WDI: Gini index,2021-12-31,as_of 2021-12-31,international,direct,auto_seed=world_bank_wdi; indicator=SI.POV.GINI; observation_year=2021; dataset_lastupdated=2026-02-24; stale=no
South Korea,hanke_misery_raw,Macroeconomic stress (Hanke Misery Index),pressure,yes,11.5,national_statistical_office,https://fortune.com/2026/04/16/hanke-annual-misery-index-2025-venezuela-taiwan-rankings/,Hanke Annual Misery Index 2025 (estimated from IMF/WB/national-bank macroeconomic profile): South Korea ≈ 11.5,2025-12-31,2024 annual,national,approved_proxy,
South Korea,hospitality_belonging_raw,Hospitality and belonging,community,yes,51.27,derived,https://api.worldbank.org/v2/country/KOR/indicator/SM.POP.NETM?format=json&mrv=10,World Bank WDI: Net migration (proxy for hospitality/belonging — positive = welcoming),2024-12-31,2024 annual,national,approved_proxy,
South Korea,household_debt_proxy,Household debt proxy,pressure,yes,160.3472,world_bank,https://api.worldbank.org/v2/country/KOR/indicator/FD.AST.PRVT.GD.ZS?format=json&mrv=30,World Bank WDI: Domestic credit to private sector by banks (% of GDP) used as interim leverage proxy,2024-12-31,as_of 2024-12-31,international,approved_proxy,auto_seed=world_bank_wdi; proxy=broad_private_credit_not_household_only; indicator=FD.AST.PRVT.GD.ZS; observation_year=2024; dataset_lastupdated=2026-02-24; stale=no
South Korea,personal_safety_raw,Personal safety,viability,yes,0.48,derived,https://api.worldbank.org/v2/country/KOR/indicator/VC.IHR.PSRC.P5?format=json&mrv=10,"UNODC via World Bank WDI: Intentional homicides (per 100,000 people)",2024-12-31,2024 annual,national,approved_proxy,
South Korea,ppp_private_consumption,PPP private consumption factor,pressure,yes,872.468736,world_bank,https://api.worldbank.org/v2/country/KOR/indicator/PA.NUS.PRVT.PP?format=json&mrv=30,"World Bank WDI: PPP conversion factor, private consumption (LCU per international $)",2024-12-31,as_of 2024-12-31,international,direct,auto_seed=world_bank_wdi; indicator=PA.NUS.PRVT.PP; observation_year=2024; dataset_lastupdated=2026-02-24; stale=no
South Korea,tax_rate_assumption,Tax rate assumption,pressure,yes,0.145991,world_bank,https://api.worldbank.org/v2/country/KOR/indicator/GC.TAX.TOTL.GD.ZS?format=json&mrv=30,World Bank WDI: Tax revenue (% of GDP) used as interim country average tax-take proxy,2023-12-31,as_of 2023-12-31,international,approved_proxy,auto_seed=world_bank_wdi; proxy=country_average_tax_take_from_tax_revenue_share; indicator=GC.TAX.TOTL.GD.ZS; observation_year=2023; dataset_lastupdated=2026-02-24; stale=no
Spain,civic_freedom_raw,Civic freedom and dignity (HRMI + Freedom House + V-Dem composite),community,yes,80,derived,https://rightstracker.org/,Civic Freedom Composite: 0.4 × HRMI Empowerment + 0.3 × Freedom House FIW + 0.3 × V-Dem Liberal Democracy Index (×100). Spain composite = 80,2024-12-31,2024 annual,national,approved_proxy,
Spain,gdp_growth,GDP growth,creative,yes,,,,,,,,,
Spain,gdp_per_capita_ppp,GDP per capita (PPP),creative,yes,,,,,,,,,
Spain,gini_coefficient,Gini coefficient,capability,yes,,,,,,,,,
Spain,hanke_misery_raw,Macroeconomic stress (Hanke Misery Index),pressure,yes,28,national_statistical_office,https://fortune.com/2026/04/16/hanke-annual-misery-index-2025-venezuela-taiwan-rankings/,Hanke Annual Misery Index 2025 (estimated from IMF/WB/national-bank macroeconomic profile): Spain ≈ 28,2025-12-31,2024 annual,national,approved_proxy,
Spain,household_debt_proxy,Household debt proxy,pressure,yes,,,,,,,,,
Spain,ppp_private_consumption,PPP private consumption factor,pressure,yes,,,,,,,,,
Spain,tax_rate_assumption,Tax rate assumption,pressure,yes,,,,,,,,,
Sri Lanka,administrative_investment_friction_raw,Administrative and investment friction,creative,yes,3.01,derived,https://api.worldbank.org/v2/country/LKA/indicator/RQ.EST?format=json&mrv=10,World Bank WGI: Regulatory Quality (inverted as friction proxy),2024-12-31,2024 annual,national,approved_proxy,
Sri Lanka,civic_freedom_raw,Civic freedom and dignity (HRMI + Freedom House + V-Dem composite),community,yes,50,derived,https://rightstracker.org/,Civic Freedom Composite: 0.4 × HRMI Empowerment + 0.3 × Freedom House FIW + 0.3 × V-Dem Liberal Democracy Index (×100). Sri Lanka composite = 50,2024-12-31,2024 annual,national,approved_proxy,
Sri Lanka,cultural_public_life_raw,"Cultural, historic, and public-life vitality",community,yes,24.64,national_statistical_office,https://api.worldbank.org/v2/country/LKA/indicator/ST.INT.ARVL?format=json&mrv=10,World Bank WDI: International tourism arrivals per 1 000 population,2024-12-31,2024 annual,national,approved_proxy,
Sri Lanka,digital_infrastructure_raw,Digital infrastructure,viability,yes,8.77,derived,https://api.worldbank.org/v2/country/LKA/indicator/IT.NET.BBND.P2?format=json&mrv=10,World Bank WDI: Fixed broadband subscriptions (per 100 people),2024-12-31,2024 annual,national,approved_proxy,
Sri Lanka,entrepreneurial_dynamism_raw,Entrepreneurial dynamism,creative,yes,1.2,derived,https://api.worldbank.org/v2/country/LKA/indicator/IC.BUS.NDNS.ZS?format=json&mrv=10,"World Bank WDI: New business density (new registrations per 1,000 people ages 15-64)",2024-12-31,2024 annual,national,approved_proxy,
Sri Lanka,gdp_growth,GDP growth,creative,yes,5.0087,world_bank,https://api.worldbank.org/v2/country/LKA/indicator/NY.GDP.MKTP.KD.ZG?format=json&mrv=30,World Bank WDI: GDP growth (annual %),2024-12-31,as_of 2024-12-31,international,direct,auto_seed=world_bank_wdi; indicator=NY.GDP.MKTP.KD.ZG; observation_year=2024; dataset_lastupdated=2026-02-24; stale=no
Sri Lanka,gdp_growth_context,Economic growth momentum,pressure,no,5.01,derived,https://api.worldbank.org/v2/country/LKA/indicator/NY.GDP.MKTP.KD.ZG?format=json&mrv=30,World Bank WDI: GDP growth (annual %),2024-12-31,2024 annual,national,approved_proxy,
Sri Lanka,gdp_per_capita_ppp,GDP per capita (PPP),creative,yes,15632.59,world_bank,https://api.worldbank.org/v2/country/LKA/indicator/NY.GDP.PCAP.PP.CD?format=json&mrv=30,"World Bank WDI: GDP per capita, PPP (current international $)",2024-12-31,as_of 2024-12-31,international,direct,auto_seed=world_bank_wdi; indicator=NY.GDP.PCAP.PP.CD; observation_year=2024; dataset_lastupdated=2026-02-24; stale=no
Sri Lanka,gini_coefficient,Gini coefficient,capability,yes,37.7,world_bank,https://api.worldbank.org/v2/country/LKA/indicator/SI.POV.GINI?format=json&mrv=30,World Bank WDI: Gini index,2019-12-31,as_of 2019-12-31,international,direct,auto_seed=world_bank_wdi; indicator=SI.POV.GINI; observation_year=2019; dataset_lastupdated=2026-02-24; stale=no
Sri Lanka,hanke_misery_raw,Macroeconomic stress (Hanke Misery Index),pressure,yes,60,national_statistical_office,https://fortune.com/2026/04/16/hanke-annual-misery-index-2025-venezuela-taiwan-rankings/,Hanke Annual Misery Index 2025 (estimated from IMF/WB/national-bank macroeconomic profile): Sri Lanka ≈ 60,2025-12-31,2024 annual,national,approved_proxy,
Sri Lanka,hospitality_belonging_raw,Hospitality and belonging,community,yes,48.6,derived,https://api.worldbank.org/v2/country/LKA/indicator/SM.POP.NETM?format=json&mrv=10,World Bank WDI: Net migration (proxy for hospitality/belonging — positive = welcoming),2024-12-31,2024 annual,national,approved_proxy,
Sri Lanka,household_debt_proxy,Household debt proxy,pressure,yes,46.8716,world_bank,https://api.worldbank.org/v2/country/LKA/indicator/FD.AST.PRVT.GD.ZS?format=json&mrv=30,World Bank WDI: Domestic credit to private sector by banks (% of GDP) used as interim leverage proxy,2019-12-31,as_of 2019-12-31,international,approved_proxy,auto_seed=world_bank_wdi; proxy=broad_private_credit_not_household_only; indicator=FD.AST.PRVT.GD.ZS; observation_year=2019; dataset_lastupdated=2026-02-24; stale=yes
Sri Lanka,personal_safety_raw,Personal safety,viability,yes,3.31,derived,https://api.worldbank.org/v2/country/LKA/indicator/VC.IHR.PSRC.P5?format=json&mrv=10,"UNODC via World Bank WDI: Intentional homicides (per 100,000 people)",2024-12-31,2024 annual,national,approved_proxy,
Sri Lanka,ppp_private_consumption,PPP private consumption factor,pressure,yes,87.489315,world_bank,https://api.worldbank.org/v2/country/LKA/indicator/PA.NUS.PRVT.PP?format=json&mrv=30,"World Bank WDI: PPP conversion factor, private consumption (LCU per international $)",2024-12-31,as_of 2024-12-31,international,direct,auto_seed=world_bank_wdi; indicator=PA.NUS.PRVT.PP; observation_year=2024; dataset_lastupdated=2026-02-24; stale=no
Sri Lanka,tax_rate_assumption,Tax rate assumption,pressure,yes,0.099219,world_bank,https://api.worldbank.org/v2/country/LKA/indicator/GC.TAX.TOTL.GD.ZS?format=json&mrv=30,World Bank WDI: Tax revenue (% of GDP) used as interim country average tax-take proxy,2023-12-31,as_of 2023-12-31,international,approved_proxy,auto_seed=world_bank_wdi; proxy=country_average_tax_take_from_tax_revenue_share; indicator=GC.TAX.TOTL.GD.ZS; observation_year=2023; dataset_lastupdated=2026-02-24; stale=no
Sweden,civic_freedom_raw,Civic freedom and dignity (HRMI + Freedom House + V-Dem composite),community,yes,90,derived,https://rightstracker.org/,Civic Freedom Composite: 0.4 × HRMI Empowerment + 0.3 × Freedom House FIW + 0.3 × V-Dem Liberal Democracy Index (×100). Sweden composite = 90,2024-12-31,2024 annual,national,approved_proxy,
Sweden,gdp_growth,GDP growth,creative,yes,,,,,,,,,
Sweden,gdp_per_capita_ppp,GDP per capita (PPP),creative,yes,,,,,,,,,
Sweden,gini_coefficient,Gini coefficient,capability,yes,,,,,,,,,
Sweden,hanke_misery_raw,Macroeconomic stress (Hanke Misery Index),pressure,yes,16.5,national_statistical_office,https://fortune.com/2026/04/16/hanke-annual-misery-index-2025-venezuela-taiwan-rankings/,Hanke Annual Misery Index 2025 (estimated from IMF/WB/national-bank macroeconomic profile): Sweden ≈ 16.5,2025-12-31,2024 annual,national,approved_proxy,
Sweden,hospitality_belonging_raw,Hospitality and belonging,community,yes,47,derived,https://pub.norden.org/,Sweden: 60% youth 16-24 report mental-health problems (NordForsk). Loneliness is a silent epidemic. Gallup overstates,2024-12-31,2024 annual,national,approved_proxy,
Sweden,household_debt_proxy,Household debt proxy,pressure,yes,,,,,,,,,
Sweden,ppp_private_consumption,PPP private consumption factor,pressure,yes,,,,,,,,,
Sweden,tax_rate_assumption,Tax rate assumption,pressure,yes,,,,,,,,,
Switzerland,civic_freedom_raw,Civic freedom and dignity (HRMI + Freedom House + V-Dem composite),community,yes,89,derived,https://rightstracker.org/,Civic Freedom Composite: 0.4 × HRMI Empowerment + 0.3 × Freedom House FIW + 0.3 × V-Dem Liberal Democracy Index (×100). Switzerland composite = 89,2024-12-31,2024 annual,national,approved_proxy,
Switzerland,gdp_growth,GDP growth,creative,yes,1.3023,world_bank,https://api.worldbank.org/v2/country/CHE/indicator/NY.GDP.MKTP.KD.ZG?format=json&mrv=30,World Bank WDI: GDP growth (annual %),2024-12-31,as_of 2024-12-31,international,direct,auto_seed=world_bank_wdi; indicator=NY.GDP.MKTP.KD.ZG; observation_year=2024; dataset_lastupdated=2026-02-24; stale=no
Switzerland,gdp_growth_context,Economic growth momentum,pressure,no,1.3,derived,https://api.worldbank.org/v2/country/CHE/indicator/NY.GDP.MKTP.KD.ZG?format=json&mrv=30,World Bank WDI: GDP growth (annual %),2024-12-31,2024 annual,national,approved_proxy,
Switzerland,gdp_per_capita_ppp,GDP per capita (PPP),creative,yes,96497.69,world_bank,https://api.worldbank.org/v2/country/CHE/indicator/NY.GDP.PCAP.PP.CD?format=json&mrv=30,"World Bank WDI: GDP per capita, PPP (current international $)",2024-12-31,as_of 2024-12-31,international,direct,auto_seed=world_bank_wdi; indicator=NY.GDP.PCAP.PP.CD; observation_year=2024; dataset_lastupdated=2026-02-24; stale=no
Switzerland,gini_coefficient,Gini coefficient,capability,yes,33.8,world_bank,https://api.worldbank.org/v2/country/CHE/indicator/SI.POV.GINI?format=json&mrv=30,World Bank WDI: Gini index,2022-12-31,as_of 2022-12-31,international,direct,auto_seed=world_bank_wdi; indicator=SI.POV.GINI; observation_year=2022; dataset_lastupdated=2026-02-24; stale=no
Switzerland,hanke_misery_raw,Macroeconomic stress (Hanke Misery Index),pressure,yes,9.5,national_statistical_office,https://fortune.com/2026/04/16/hanke-annual-misery-index-2025-venezuela-taiwan-rankings/,Hanke Annual Misery Index 2025 (estimated from IMF/WB/national-bank macroeconomic profile): Switzerland ≈ 9.5,2025-12-31,2024 annual,national,approved_proxy,
Switzerland,household_debt_proxy,Household debt proxy,pressure,yes,170.3782,world_bank,https://api.worldbank.org/v2/country/CHE/indicator/FD.AST.PRVT.GD.ZS?format=json&mrv=30,World Bank WDI: Domestic credit to private sector by banks (% of GDP) used as interim leverage proxy,2016-12-31,as_of 2016-12-31,international,approved_proxy,auto_seed=world_bank_wdi; proxy=broad_private_credit_not_household_only; indicator=FD.AST.PRVT.GD.ZS; observation_year=2016; dataset_lastupdated=2026-02-24; stale=yes
Switzerland,ppp_private_consumption,PPP private consumption factor,pressure,yes,1.062369,world_bank,https://api.worldbank.org/v2/country/CHE/indicator/PA.NUS.PRVT.PP?format=json&mrv=30,"World Bank WDI: PPP conversion factor, private consumption (LCU per international $)",2024-12-31,as_of 2024-12-31,international,direct,auto_seed=world_bank_wdi; indicator=PA.NUS.PRVT.PP; observation_year=2024; dataset_lastupdated=2026-02-24; stale=no
Switzerland,tax_rate_assumption,Tax rate assumption,pressure,yes,0.090036,world_bank,https://api.worldbank.org/v2/country/CHE/indicator/GC.TAX.TOTL.GD.ZS?format=json&mrv=30,World Bank WDI: Tax revenue (% of GDP) used as interim country average tax-take proxy,2023-12-31,as_of 2023-12-31,international,approved_proxy,auto_seed=world_bank_wdi; proxy=country_average_tax_take_from_tax_revenue_share; indicator=GC.TAX.TOTL.GD.ZS; observation_year=2023; dataset_lastupdated=2026-02-24; stale=no
Taiwan,administrative_investment_friction_raw,Administrative and investment friction,creative,yes,1.3,derived,https://www.worldbank.org/en/businessready,World Bank Doing Business: Taiwan ranks top-20 globally (prior value of 9 was a unit error),2024-12-31,2024 annual,national,approved_proxy,
Taiwan,civic_freedom_raw,Civic freedom and dignity (HRMI + Freedom House + V-Dem composite),community,yes,81,derived,https://rightstracker.org/,Civic Freedom Composite: 0.4 × HRMI Empowerment + 0.3 × Freedom House FIW + 0.3 × V-Dem Liberal Democracy Index (×100). Taiwan composite = 81,2024-12-31,2024 annual,national,approved_proxy,
Taiwan,digital_infrastructure_raw,Digital infrastructure,viability,yes,28,derived,https://eng.dgbas.gov.tw,MOTC/DGBAS: Fixed broadband subscriptions (per 100 people),2024-12-31,2024 annual,national,approved_proxy,
Taiwan,gdp_growth,GDP growth,creative,yes,,,,,,,,,
Taiwan,gdp_per_capita_ppp,GDP per capita (PPP),creative,yes,,,,,,,,,
Taiwan,gini_coefficient,Gini coefficient,capability,yes,,,,,,,,,
Taiwan,hanke_misery_raw,Macroeconomic stress (Hanke Misery Index),pressure,yes,2.12,derived,https://fortune.com/2026/04/16/hanke-annual-misery-index-2025-venezuela-taiwan-rankings/,Hanke Annual Misery Index 2025 (published): Taiwan score 2.12,2025-12-31,2024 annual,national,approved_proxy,
Taiwan,household_debt_proxy,Household debt proxy,pressure,yes,,,,,,,,,
Taiwan,personal_safety_raw,Personal safety,viability,yes,0.8,derived,https://eng.dgbas.gov.tw,"NPA/DGBAS: Intentional homicides (per 100,000 people)",2024-12-31,2024 annual,national,approved_proxy,
Taiwan,ppp_private_consumption,PPP private consumption factor,pressure,yes,,,,,,,,,
Taiwan,tax_rate_assumption,Tax rate assumption,pressure,yes,,,,,,,,,
Tanzania,civic_freedom_raw,Civic freedom and dignity (HRMI + Freedom House + V-Dem composite),community,yes,48,derived,https://rightstracker.org/,Civic Freedom Composite: 0.4 × HRMI Empowerment + 0.3 × Freedom House FIW + 0.3 × V-Dem Liberal Democracy Index (×100). Tanzania composite = 48,2024-12-31,2024 annual,national,approved_proxy,
Tanzania,gdp_growth,GDP growth,creative,yes,,,,,,,,,
Tanzania,gdp_per_capita_ppp,GDP per capita (PPP),creative,yes,,,,,,,,,
Tanzania,gini_coefficient,Gini coefficient,capability,yes,,,,,,,,,
Tanzania,hanke_misery_raw,Macroeconomic stress (Hanke Misery Index),pressure,yes,28,national_statistical_office,https://fortune.com/2026/04/16/hanke-annual-misery-index-2025-venezuela-taiwan-rankings/,Hanke Annual Misery Index 2025 (estimated from IMF/WB/national-bank macroeconomic profile): Tanzania ≈ 28,2025-12-31,2024 annual,national,approved_proxy,
Tanzania,household_debt_proxy,Household debt proxy,pressure,yes,,,,,,,,,
Tanzania,ppp_private_consumption,PPP private consumption factor,pressure,yes,,,,,,,,,
Tanzania,tax_rate_assumption,Tax rate assumption,pressure,yes,,,,,,,,,
Thailand,administrative_investment_friction_raw,Administrative and investment friction,creative,yes,1.5,derived,https://www.worldbank.org/en/businessready,World Bank B-READY: Thailand's foreigner-friendly business environment,2024-12-31,2024 annual,national,approved_proxy,
Thailand,civic_freedom_raw,Civic freedom and dignity (HRMI + Freedom House + V-Dem composite),community,yes,40,derived,https://rightstracker.org/,Civic Freedom Composite: 0.4 × HRMI Empowerment + 0.3 × Freedom House FIW + 0.3 × V-Dem Liberal Democracy Index (×100). Thailand composite = 40,2024-12-31,2024 annual,national,approved_proxy,
Thailand,cultural_public_life_raw,"Cultural, historic, and public-life vitality",community,yes,556.96,national_statistical_office,https://api.worldbank.org/v2/country/THA/indicator/ST.INT.ARVL?format=json&mrv=10,World Bank WDI: International tourism arrivals per 1 000 population,2024-12-31,2024 annual,national,approved_proxy,
Thailand,gdp_growth,GDP growth,creative,yes,2.5418,world_bank,https://api.worldbank.org/v2/country/THA/indicator/NY.GDP.MKTP.KD.ZG?format=json&mrv=30,World Bank WDI: GDP growth (annual %),2024-12-31,as_of 2024-12-31,international,direct,auto_seed=world_bank_wdi; indicator=NY.GDP.MKTP.KD.ZG; observation_year=2024; dataset_lastupdated=2026-02-24; stale=no
Thailand,gdp_growth_context,Economic growth momentum,pressure,no,2.54,derived,https://api.worldbank.org/v2/country/THA/indicator/NY.GDP.MKTP.KD.ZG?format=json&mrv=30,World Bank WDI: GDP growth (annual %),2024-12-31,2024 annual,national,approved_proxy,
Thailand,gdp_per_capita_ppp,GDP per capita (PPP),creative,yes,24712.07,world_bank,https://api.worldbank.org/v2/country/THA/indicator/NY.GDP.PCAP.PP.CD?format=json&mrv=30,"World Bank WDI: GDP per capita, PPP (current international $)",2024-12-31,as_of 2024-12-31,international,direct,auto_seed=world_bank_wdi; indicator=NY.GDP.PCAP.PP.CD; observation_year=2024; dataset_lastupdated=2026-02-24; stale=no
Thailand,gini_coefficient,Gini coefficient,capability,yes,33.5,world_bank,https://api.worldbank.org/v2/country/THA/indicator/SI.POV.GINI?format=json&mrv=30,World Bank WDI: Gini index,2023-12-31,as_of 2023-12-31,international,direct,auto_seed=world_bank_wdi; indicator=SI.POV.GINI; observation_year=2023; dataset_lastupdated=2026-02-24; stale=no
Thailand,hanke_misery_raw,Macroeconomic stress (Hanke Misery Index),pressure,yes,3.14,derived,https://fortune.com/2026/04/16/hanke-annual-misery-index-2025-venezuela-taiwan-rankings/,Hanke Annual Misery Index 2025 (published): Thailand score 3.14,2025-12-31,2024 annual,national,approved_proxy,
Thailand,hospitality_belonging_raw,Hospitality and belonging,community,yes,50.38,derived,https://api.worldbank.org/v2/country/THA/indicator/SM.POP.NETM?format=json&mrv=10,World Bank WDI: Net migration (proxy for hospitality/belonging — positive = welcoming),2024-12-31,2024 annual,national,approved_proxy,
Thailand,household_debt_proxy,Household debt proxy,pressure,yes,115.1054,world_bank,https://api.worldbank.org/v2/country/THA/indicator/FD.AST.PRVT.GD.ZS?format=json&mrv=30,World Bank WDI: Domestic credit to private sector by banks (% of GDP) used as interim leverage proxy,2024-12-31,as_of 2024-12-31,international,approved_proxy,auto_seed=world_bank_wdi; proxy=broad_private_credit_not_household_only; indicator=FD.AST.PRVT.GD.ZS; observation_year=2024; dataset_lastupdated=2026-02-24; stale=no
Thailand,ppp_private_consumption,PPP private consumption factor,pressure,yes,10.945576,world_bank,https://api.worldbank.org/v2/country/THA/indicator/PA.NUS.PRVT.PP?format=json&mrv=30,"World Bank WDI: PPP conversion factor, private consumption (LCU per international $)",2024-12-31,as_of 2024-12-31,international,direct,auto_seed=world_bank_wdi; indicator=PA.NUS.PRVT.PP; observation_year=2024; dataset_lastupdated=2026-02-24; stale=no
Thailand,suicide_mental_strain_raw,Suicide and severe mental strain,pressure,yes,7.2,derived,https://www.who.int/data/gho/data/indicators/indicator-details/GHO/SDGSUICIDE,"WHO GHO: Thailand age-standardized suicide rate per 100,000",2024-12-31,2024 annual,national,approved_proxy,
Thailand,tax_rate_assumption,Tax rate assumption,pressure,yes,0.152577,world_bank,https://api.worldbank.org/v2/country/THA/indicator/GC.TAX.TOTL.GD.ZS?format=json&mrv=30,World Bank WDI: Tax revenue (% of GDP) used as interim country average tax-take proxy,2024-12-31,as_of 2024-12-31,international,approved_proxy,auto_seed=world_bank_wdi; proxy=country_average_tax_take_from_tax_revenue_share; indicator=GC.TAX.TOTL.GD.ZS; observation_year=2024; dataset_lastupdated=2026-02-24; stale=no
Uganda,civic_freedom_raw,Civic freedom and dignity (HRMI + Freedom House + V-Dem composite),community,yes,38,derived,https://rightstracker.org/,Civic Freedom Composite: 0.4 × HRMI Empowerment + 0.3 × Freedom House FIW + 0.3 × V-Dem Liberal Democracy Index (×100). Uganda composite = 38,2024-12-31,2024 annual,national,approved_proxy,
Uganda,gdp_growth,GDP growth,creative,yes,,,,,,,,,
Uganda,gdp_per_capita_ppp,GDP per capita (PPP),creative,yes,,,,,,,,,
Uganda,gini_coefficient,Gini coefficient,capability,yes,,,,,,,,,
Uganda,hanke_misery_raw,Macroeconomic stress (Hanke Misery Index),pressure,yes,32,national_statistical_office,https://fortune.com/2026/04/16/hanke-annual-misery-index-2025-venezuela-taiwan-rankings/,Hanke Annual Misery Index 2025 (estimated from IMF/WB/national-bank macroeconomic profile): Uganda ≈ 32,2025-12-31,2024 annual,national,approved_proxy,
Uganda,household_debt_proxy,Household debt proxy,pressure,yes,,,,,,,,,
Uganda,ppp_private_consumption,PPP private consumption factor,pressure,yes,,,,,,,,,
Uganda,tax_rate_assumption,Tax rate assumption,pressure,yes,,,,,,,,,
United Arab Emirates,administrative_investment_friction_raw,Administrative and investment friction,creative,yes,1.46,derived,https://api.worldbank.org/v2/country/ARE/indicator/RQ.EST?format=json&mrv=10,World Bank WGI: Regulatory Quality (inverted as friction proxy),2024-12-31,2024 annual,national,approved_proxy,
United Arab Emirates,civic_freedom_raw,Civic freedom and dignity (HRMI + Freedom House + V-Dem composite),community,yes,22,derived,https://rightstracker.org/,Civic Freedom Composite: 0.4 × HRMI Empowerment + 0.3 × Freedom House FIW + 0.3 × V-Dem Liberal Democracy Index (×100). United Arab Emirates composite = 22,2024-12-31,2024 annual,national,approved_proxy,
United Arab Emirates,cultural_public_life_raw,"Cultural, historic, and public-life vitality",community,yes,735.82,national_statistical_office,https://api.worldbank.org/v2/country/ARE/indicator/ST.INT.ARVL?format=json&mrv=10,World Bank WDI: International tourism arrivals per 1 000 population,2024-12-31,2024 annual,national,approved_proxy,
United Arab Emirates,digital_infrastructure_raw,Digital infrastructure,viability,yes,37.1,derived,https://api.worldbank.org/v2/country/ARE/indicator/IT.NET.BBND.P2?format=json&mrv=10,World Bank WDI: Fixed broadband subscriptions (per 100 people),2024-12-31,2024 annual,national,approved_proxy,
United Arab Emirates,entrepreneurial_dynamism_raw,Entrepreneurial dynamism,creative,yes,2.46,derived,https://api.worldbank.org/v2/country/ARE/indicator/IC.BUS.NDNS.ZS?format=json&mrv=10,"World Bank WDI: New business density (new registrations per 1,000 people ages 15-64)",2024-12-31,2024 annual,national,approved_proxy,
United Arab Emirates,gdp_growth,GDP growth,creative,yes,3.9918,world_bank,https://api.worldbank.org/v2/country/ARE/indicator/NY.GDP.MKTP.KD.ZG?format=json&mrv=30,World Bank WDI: GDP growth (annual %),2024-12-31,as_of 2024-12-31,international,direct,auto_seed=world_bank_wdi; indicator=NY.GDP.MKTP.KD.ZG; observation_year=2024; dataset_lastupdated=2026-02-24; stale=no
United Arab Emirates,gdp_growth_context,Economic growth momentum,pressure,no,3.99,derived,https://api.worldbank.org/v2/country/ARE/indicator/NY.GDP.MKTP.KD.ZG?format=json&mrv=30,World Bank WDI: GDP growth (annual %),2024-12-31,2024 annual,national,approved_proxy,
United Arab Emirates,gdp_per_capita_ppp,GDP per capita (PPP),creative,yes,79228.74,world_bank,https://api.worldbank.org/v2/country/ARE/indicator/NY.GDP.PCAP.PP.CD?format=json&mrv=30,"World Bank WDI: GDP per capita, PPP (current international $)",2024-12-31,as_of 2024-12-31,international,direct,auto_seed=world_bank_wdi; indicator=NY.GDP.PCAP.PP.CD; observation_year=2024; dataset_lastupdated=2026-02-24; stale=no
United Arab Emirates,gini_coefficient,Gini coefficient,capability,yes,26.4,world_bank,https://api.worldbank.org/v2/country/ARE/indicator/SI.POV.GINI?format=json&mrv=30,World Bank WDI: Gini index,2018-12-31,as_of 2018-12-31,international,direct,auto_seed=world_bank_wdi; indicator=SI.POV.GINI; observation_year=2018; dataset_lastupdated=2026-02-24; stale=no
United Arab Emirates,hanke_misery_raw,Macroeconomic stress (Hanke Misery Index),pressure,yes,11,national_statistical_office,https://fortune.com/2026/04/16/hanke-annual-misery-index-2025-venezuela-taiwan-rankings/,Hanke Annual Misery Index 2025 (estimated from IMF/WB/national-bank macroeconomic profile): United Arab Emirates ≈ 11,2025-12-31,2024 annual,national,approved_proxy,
United Arab Emirates,hospitality_belonging_raw,Hospitality and belonging,community,yes,49,derived,https://news.gallup.com/poll/,"Gallup Global Emotions Report: UAE positive-experience index adjusted for migrant-labour resident population, not only nationals",2024-12-31,2024 annual,national,approved_proxy,
United Arab Emirates,household_debt_proxy,Household debt proxy,pressure,yes,67.9658,world_bank,https://api.worldbank.org/v2/country/ARE/indicator/FD.AST.PRVT.GD.ZS?format=json&mrv=30,World Bank WDI: Domestic credit to private sector by banks (% of GDP) used as interim leverage proxy,2024-12-31,as_of 2024-12-31,international,approved_proxy,auto_seed=world_bank_wdi; proxy=broad_private_credit_not_household_only; indicator=FD.AST.PRVT.GD.ZS; observation_year=2024; dataset_lastupdated=2026-02-24; stale=no
United Arab Emirates,personal_safety_raw,Personal safety,viability,yes,0.69,derived,https://api.worldbank.org/v2/country/ARE/indicator/VC.IHR.PSRC.P5?format=json&mrv=10,"UNODC via World Bank WDI: Intentional homicides (per 100,000 people)",2024-12-31,2024 annual,national,approved_proxy,
United Arab Emirates,ppp_private_consumption,PPP private consumption factor,pressure,yes,2.56311,world_bank,https://api.worldbank.org/v2/country/ARE/indicator/PA.NUS.PRVT.PP?format=json&mrv=30,"World Bank WDI: PPP conversion factor, private consumption (LCU per international $)",2024-12-31,as_of 2024-12-31,international,direct,auto_seed=world_bank_wdi; indicator=PA.NUS.PRVT.PP; observation_year=2024; dataset_lastupdated=2026-02-24; stale=no
United Arab Emirates,tax_rate_assumption,Tax rate assumption,pressure,yes,0.006475,world_bank,https://api.worldbank.org/v2/country/ARE/indicator/GC.TAX.TOTL.GD.ZS?format=json&mrv=30,World Bank WDI: Tax revenue (% of GDP) used as interim country average tax-take proxy,2024-12-31,as_of 2024-12-31,international,approved_proxy,auto_seed=world_bank_wdi; proxy=country_average_tax_take_from_tax_revenue_share; indicator=GC.TAX.TOTL.GD.ZS; observation_year=2024; dataset_lastupdated=2026-02-24; stale=no
United Kingdom,administrative_investment_friction_raw,Administrative and investment friction,creative,yes,1.1,derived,https://www.worldbank.org/en/businessready,World Bank B-READY: UK administrative friction index,2024-12-31,2024 annual,national,approved_proxy,
United Kingdom,civic_freedom_raw,Civic freedom and dignity (HRMI + Freedom House + V-Dem composite),community,yes,81,derived,https://rightstracker.org/,Civic Freedom Composite: 0.4 × HRMI Empowerment + 0.3 × Freedom House FIW + 0.3 × V-Dem Liberal Democracy Index (×100). United Kingdom composite = 81,2024-12-31,2024 annual,national,approved_proxy,
United Kingdom,education_quality_raw,Education quality,capability,yes,65.6,derived,https://data.uis.unesco.org/,UNESCO UIS: UK tertiary enrolment ratio (%),2024-12-31,2024 annual,national,approved_proxy,
United Kingdom,gdp_growth_context,Economic growth momentum,pressure,no,0.8,derived,https://api.worldbank.org/v2/country/GBR/indicator/NY.GDP.MKTP.KD.ZG?format=json&mrv=5,"World Bank WDI: GDP growth, UK, 5-year average",2024-12-31,2024 annual,national,approved_proxy,
United Kingdom,hanke_misery_raw,Macroeconomic stress (Hanke Misery Index),pressure,yes,19.57,derived,https://fortune.com/2026/04/16/hanke-annual-misery-index-2025-venezuela-taiwan-rankings/,Hanke Annual Misery Index 2025 (published): United Kingdom score 19.57,2025-12-31,2024 annual,national,approved_proxy,
United Kingdom,healthcare_quality_raw,Healthcare quality,capability,yes,88,derived,https://www.healthdata.org/research-analysis/health-policy-planning/haq-index,IHME Healthcare Access and Quality Index 2023: UK,2023-12-31,2024 annual,national,approved_proxy,
United Kingdom,hospitality_belonging_raw,Hospitality and belonging,community,yes,50.1,derived,https://news.gallup.com/poll/355385/unhappiness-rises-world.aspx,Gallup Global Emotions Report: UK positive experience index,2024-12-31,2024 annual,national,approved_proxy,
United Kingdom,household_debt_effective_raw,Household debt burden,pressure,yes,82.7,derived,https://www.bis.org/statistics/totcredit.htm,BIS statistics: UK household debt to GDP (%),2024-12-31,2024 annual,national,approved_proxy,
United Kingdom,innovation_research_intensity_raw,Innovation and research intensity,creative,yes,2.9,derived,https://api.worldbank.org/v2/country/GBR/indicator/GB.XPD.RSDV.GD.ZS?format=json&mrv=5,World Bank WDI: UK R&D expenditure (% GDP),2024-12-31,2024 annual,national,approved_proxy,
United Kingdom,suicide_mental_strain_raw,Suicide and severe mental strain,pressure,yes,6.9,derived,https://www.who.int/data/gho/data/indicators/indicator-details/GHO/SDGSUICIDE,"WHO GHO: Age-standardized suicide rate per 100,000, UK",2024-12-31,2024 annual,national,approved_proxy,
United Kingdom,water_sanitation_utility_raw,"Water, sanitation, and utility reliability",viability,yes,99.8,derived,https://washdata.org/,WHO/UNICEF JMP: UK safely managed water and sanitation (%),2024-12-31,2024 annual,national,approved_proxy,
United Kingdom,working_time_pressure_raw,Working time pressure,pressure,yes,36.2,derived,https://ilostat.ilo.org/data/?id=HOW_TEMP_SEX_ECO_NB_A,"ILO ILOSTAT: Mean weekly hours worked, UK",2024-12-31,2024 annual,national,approved_proxy,
United States,administrative_investment_friction_raw,Administrative and investment friction,creative,yes,0.95,derived,https://www.worldbank.org/en/businessready,World Bank B-READY: US administrative friction index,2024-12-31,2024 annual,national,approved_proxy,
United States,civic_freedom_raw,Civic freedom and dignity (HRMI + Freedom House + V-Dem composite),community,yes,74,derived,https://rightstracker.org/,Civic Freedom Composite: 0.4 × HRMI Empowerment + 0.3 × Freedom House FIW + 0.3 × V-Dem Liberal Democracy Index (×100). United States composite = 74,2024-12-31,2024 annual,national,approved_proxy,
United States,education_quality_raw,Education quality,capability,yes,88.2,derived,https://data.uis.unesco.org/,UNESCO UIS: US tertiary enrolment ratio (%),2024-12-31,2024 annual,national,approved_proxy,
United States,gdp_growth,GDP growth,creative,yes,2.793,world_bank,https://api.worldbank.org/v2/country/USA/indicator/NY.GDP.MKTP.KD.ZG?format=json&mrv=30,World Bank WDI: GDP growth (annual %),2024-12-31,as_of 2024-12-31,international,direct,auto_seed=world_bank_wdi; indicator=NY.GDP.MKTP.KD.ZG; observation_year=2024; dataset_lastupdated=2026-02-24; stale=no
United States,gdp_growth_context,Economic growth momentum,pressure,no,2.4,derived,https://api.worldbank.org/v2/country/USA/indicator/NY.GDP.MKTP.KD.ZG?format=json&mrv=5,"World Bank WDI: GDP growth, US, 5-year average",2024-12-31,2024 annual,national,approved_proxy,
United States,gdp_per_capita_ppp,GDP per capita (PPP),creative,yes,85809.9,world_bank,https://api.worldbank.org/v2/country/USA/indicator/NY.GDP.PCAP.PP.CD?format=json&mrv=30,"World Bank WDI: GDP per capita, PPP (current international $)",2024-12-31,as_of 2024-12-31,international,direct,auto_seed=world_bank_wdi; indicator=NY.GDP.PCAP.PP.CD; observation_year=2024; dataset_lastupdated=2026-02-24; stale=no
United States,gini_coefficient,Gini coefficient,capability,yes,41.8,world_bank,https://api.worldbank.org/v2/country/USA/indicator/SI.POV.GINI?format=json&mrv=30,World Bank WDI: Gini index,2023-12-31,as_of 2023-12-31,international,direct,auto_seed=world_bank_wdi; indicator=SI.POV.GINI; observation_year=2023; dataset_lastupdated=2026-02-24; stale=no
United States,hanke_misery_raw,Macroeconomic stress (Hanke Misery Index),pressure,yes,16.99,derived,https://fortune.com/2026/04/16/hanke-annual-misery-index-2025-venezuela-taiwan-rankings/,Hanke Annual Misery Index 2025 (published): United States score 16.99,2025-12-31,2024 annual,national,approved_proxy,
United States,healthcare_quality_raw,Healthcare quality,capability,yes,89,derived,https://www.healthdata.org/research-analysis/health-policy-planning/haq-index,IHME Healthcare Access and Quality Index 2023: US,2023-12-31,2024 annual,national,approved_proxy,
United States,hospitality_belonging_raw,Hospitality and belonging,community,yes,52.7,derived,https://news.gallup.com/poll/355385/unhappiness-rises-world.aspx,Gallup Global Emotions Report: US positive experience index,2024-12-31,2024 annual,national,approved_proxy,
United States,household_debt_effective_raw,Household debt burden,pressure,yes,74.1,derived,https://www.bis.org/statistics/totcredit.htm,BIS statistics: US household debt to GDP (%),2024-12-31,2024 annual,national,approved_proxy,
United States,household_debt_proxy,Household debt proxy,pressure,yes,46.8411,world_bank,https://api.worldbank.org/v2/country/USA/indicator/FD.AST.PRVT.GD.ZS?format=json&mrv=30,World Bank WDI: Domestic credit to private sector by banks (% of GDP) used as interim leverage proxy,2024-12-31,as_of 2024-12-31,international,approved_proxy,auto_seed=world_bank_wdi; proxy=broad_private_credit_not_household_only; indicator=FD.AST.PRVT.GD.ZS; observation_year=2024; dataset_lastupdated=2026-02-24; stale=no
United States,innovation_research_intensity_raw,Innovation and research intensity,creative,yes,3.5,derived,https://api.worldbank.org/v2/country/USA/indicator/GB.XPD.RSDV.GD.ZS?format=json&mrv=5,World Bank WDI: US R&D expenditure (% GDP),2024-12-31,2024 annual,national,approved_proxy,
United States,ppp_private_consumption,PPP private consumption factor,pressure,yes,1,world_bank,https://api.worldbank.org/v2/country/USA/indicator/PA.NUS.PRVT.PP?format=json&mrv=30,"World Bank WDI: PPP conversion factor, private consumption (LCU per international $)",2024-12-31,as_of 2024-12-31,international,direct,auto_seed=world_bank_wdi; indicator=PA.NUS.PRVT.PP; observation_year=2024; dataset_lastupdated=2026-02-24; stale=no
United States,suicide_mental_strain_raw,Suicide and severe mental strain,pressure,yes,14.5,derived,https://www.who.int/data/gho/data/indicators/indicator-details/GHO/SDGSUICIDE,"WHO GHO: Age-standardized suicide rate per 100,000, US",2024-12-31,2024 annual,national,approved_proxy,
United States,tax_rate_assumption,Tax rate assumption,pressure,yes,0.108905,world_bank,https://api.worldbank.org/v2/country/USA/indicator/GC.TAX.TOTL.GD.ZS?format=json&mrv=30,World Bank WDI: Tax revenue (% of GDP) used as interim country average tax-take proxy,2024-12-31,as_of 2024-12-31,international,approved_proxy,auto_seed=world_bank_wdi; proxy=country_average_tax_take_from_tax_revenue_share; indicator=GC.TAX.TOTL.GD.ZS; observation_year=2024; dataset_lastupdated=2026-02-24; stale=no
United States,water_sanitation_utility_raw,"Water, sanitation, and utility reliability",viability,yes,99.7,derived,https://washdata.org/,WHO/UNICEF JMP: US safely managed water and sanitation (%),2024-12-31,2024 annual,national,approved_proxy,
United States,working_time_pressure_raw,Working time pressure,pressure,yes,38.7,derived,https://ilostat.ilo.org/data/?id=HOW_TEMP_SEX_ECO_NB_A,"ILO ILOSTAT: Mean weekly hours worked, US",2024-12-31,2024 annual,national,approved_proxy,
Uruguay,civic_freedom_raw,Civic freedom and dignity (HRMI + Freedom House + V-Dem composite),community,yes,82,derived,https://rightstracker.org/,Civic Freedom Composite: 0.4 × HRMI Empowerment + 0.3 × Freedom House FIW + 0.3 × V-Dem Liberal Democracy Index (×100). Uruguay composite = 82,2024-12-31,2024 annual,national,approved_proxy,
Uruguay,gdp_growth,GDP growth,creative,yes,3.1083,world_bank,https://api.worldbank.org/v2/country/URY/indicator/NY.GDP.MKTP.KD.ZG?format=json&mrv=30,World Bank WDI: GDP growth (annual %),2024-12-31,as_of 2024-12-31,international,direct,auto_seed=world_bank_wdi; indicator=NY.GDP.MKTP.KD.ZG; observation_year=2024; dataset_lastupdated=2026-02-24; stale=no
Uruguay,gdp_growth_context,Economic growth momentum,pressure,no,3.11,derived,https://api.worldbank.org/v2/country/URY/indicator/NY.GDP.MKTP.KD.ZG?format=json&mrv=30,World Bank WDI: GDP growth (annual %),2024-12-31,2024 annual,national,approved_proxy,
Uruguay,gdp_per_capita_ppp,GDP per capita (PPP),creative,yes,36417.87,world_bank,https://api.worldbank.org/v2/country/URY/indicator/NY.GDP.PCAP.PP.CD?format=json&mrv=30,"World Bank WDI: GDP per capita, PPP (current international $)",2024-12-31,as_of 2024-12-31,international,direct,auto_seed=world_bank_wdi; indicator=NY.GDP.PCAP.PP.CD; observation_year=2024; dataset_lastupdated=2026-02-24; stale=no
Uruguay,gini_coefficient,Gini coefficient,capability,yes,40,world_bank,https://api.worldbank.org/v2/country/URY/indicator/SI.POV.GINI?format=json&mrv=30,World Bank WDI: Gini index,2024-12-31,as_of 2024-12-31,international,direct,auto_seed=world_bank_wdi; indicator=SI.POV.GINI; observation_year=2024; dataset_lastupdated=2026-02-24; stale=no
Uruguay,hanke_misery_raw,Macroeconomic stress (Hanke Misery Index),pressure,yes,24,national_statistical_office,https://fortune.com/2026/04/16/hanke-annual-misery-index-2025-venezuela-taiwan-rankings/,Hanke Annual Misery Index 2025 (estimated from IMF/WB/national-bank macroeconomic profile): Uruguay ≈ 24,2025-12-31,2024 annual,national,approved_proxy,
Uruguay,household_debt_proxy,Household debt proxy,pressure,yes,31.0608,world_bank,https://api.worldbank.org/v2/country/URY/indicator/FD.AST.PRVT.GD.ZS?format=json&mrv=30,World Bank WDI: Domestic credit to private sector by banks (% of GDP) used as interim leverage proxy,2024-12-31,as_of 2024-12-31,international,approved_proxy,auto_seed=world_bank_wdi; proxy=broad_private_credit_not_household_only; indicator=FD.AST.PRVT.GD.ZS; observation_year=2024; dataset_lastupdated=2026-02-24; stale=no
Uruguay,ppp_private_consumption,PPP private consumption factor,pressure,yes,29.298217,world_bank,https://api.worldbank.org/v2/country/URY/indicator/PA.NUS.PRVT.PP?format=json&mrv=30,"World Bank WDI: PPP conversion factor, private consumption (LCU per international $)",2024-12-31,as_of 2024-12-31,international,direct,auto_seed=world_bank_wdi; indicator=PA.NUS.PRVT.PP; observation_year=2024; dataset_lastupdated=2026-02-24; stale=no
Uruguay,tax_rate_assumption,Tax rate assumption,pressure,yes,0.181624,world_bank,https://api.worldbank.org/v2/country/URY/indicator/GC.TAX.TOTL.GD.ZS?format=json&mrv=30,World Bank WDI: Tax revenue (% of GDP) used as interim country average tax-take proxy,2024-12-31,as_of 2024-12-31,international,approved_proxy,auto_seed=world_bank_wdi; proxy=country_average_tax_take_from_tax_revenue_share; indicator=GC.TAX.TOTL.GD.ZS; observation_year=2024; dataset_lastupdated=2026-02-24; stale=no
Vanuatu,civic_freedom_raw,Civic freedom and dignity (HRMI + Freedom House + V-Dem composite),community,yes,65,derived,https://rightstracker.org/,Civic Freedom Composite: 0.4 × HRMI Empowerment + 0.3 × Freedom House FIW + 0.3 × V-Dem Liberal Democracy Index (×100). Vanuatu composite = 65,2024-12-31,2024 annual,national,approved_proxy,
Vanuatu,gdp_growth,GDP growth,creative,yes,,,,,,,,,
Vanuatu,gdp_per_capita_ppp,GDP per capita (PPP),creative,yes,,,,,,,,,
Vanuatu,gini_coefficient,Gini coefficient,capability,yes,,,,,,,,,
Vanuatu,hanke_misery_raw,Macroeconomic stress (Hanke Misery Index),pressure,yes,26,national_statistical_office,https://fortune.com/2026/04/16/hanke-annual-misery-index-2025-venezuela-taiwan-rankings/,Hanke Annual Misery Index 2025 (estimated from IMF/WB/national-bank macroeconomic profile): Vanuatu ≈ 26,2025-12-31,2024 annual,national,approved_proxy,
Vanuatu,household_debt_proxy,Household debt proxy,pressure,yes,,,,,,,,,
Vanuatu,ppp_private_consumption,PPP private consumption factor,pressure,yes,,,,,,,,,
Vanuatu,tax_rate_assumption,Tax rate assumption,pressure,yes,,,,,,,,,
Vietnam,civic_freedom_raw,Civic freedom and dignity (HRMI + Freedom House + V-Dem composite),community,yes,26,derived,https://rightstracker.org/,Civic Freedom Composite: 0.4 × HRMI Empowerment + 0.3 × Freedom House FIW + 0.3 × V-Dem Liberal Democracy Index (×100). Vietnam composite = 26,2024-12-31,2024 annual,national,approved_proxy,
Vietnam,gdp_growth,GDP growth,creative,yes,,,,,,,,,
Vietnam,gdp_per_capita_ppp,GDP per capita (PPP),creative,yes,,,,,,,,,
Vietnam,gini_coefficient,Gini coefficient,capability,yes,,,,,,,,,
Vietnam,hanke_misery_raw,Macroeconomic stress (Hanke Misery Index),pressure,yes,12,national_statistical_office,https://fortune.com/2026/04/16/hanke-annual-misery-index-2025-venezuela-taiwan-rankings/,Hanke Annual Misery Index 2025 (estimated from IMF/WB/national-bank macroeconomic profile): Vietnam ≈ 12,2025-12-31,2024 annual,national,approved_proxy,
Vietnam,household_debt_proxy,Household debt proxy,pressure,yes,,,,,,,,,
Vietnam,ppp_private_consumption,PPP private consumption factor,pressure,yes,,,,,,,,,
Vietnam,tax_rate_assumption,Tax rate assumption,pressure,yes,,,,,,,,,
